"","county_state","numHospitals","pct_private_non_profit","num_acute_care_hospitals","avg_acute_care_rating","median_acute_care_rating"
"1","LOS ANGELES, CA",83,31.33,79,2.93,3
"2","COOK, IL",49,42.86,46,2.7,3
"3","HARRIS, TX",42,23.81,39,3.21,3
"4","MARICOPA, AZ",37,32.43,33,3.15,3
"5","DALLAS, TX",29,20.69,27,3.2,3
"6","ORANGE, CA",27,18.52,24,2.85,3
"7","TARRANT, TX",23,43.48,22,3.47,4
"8","MIAMI-DADE, FL",21,47.62,20,2.53,3
"9","ALLEGHENY, PA",18,77.78,15,3,3
"10","CLARK, NV",18,38.89,16,1.85,2
"11","OKLAHOMA, OK",18,22.22,18,3.33,3
"12","SAN BERNARDINO, CA",18,44.44,15,2.5,2
"13","CUYAHOGA, OH",17,70.59,15,3.67,4
"14","KING, WA",17,41.18,14,3.31,3
"15","PHILADELPHIA, PA",17,52.94,14,2.75,3
"16","RIVERSIDE, CA",16,6.25,16,2.44,2
"17","SAN DIEGO, CA",16,18.75,15,3.47,3
"18","SAN JUAN, PR",15,33.33,14,2.5,2.5
"19","WAYNE, MI",15,60,14,2.29,2
"20","BALTIMORE CITY, MD",14,57.14,12,NA,NA
"21","BROWARD, FL",14,0,14,2.64,2.5
"22","ALAMEDA, CA",13,38.46,12,2.5,3
"23","BEXAR, TX",13,15.38,12,3.25,3.5
"24","COLLIN, TX",13,23.08,11,3.6,4
"25","SUFFOLK, MA",13,76.92,10,3.33,3
"26","KINGS, NY",12,66.67,12,1.42,1
"27","NEW YORK, NY",12,75,12,2.7,2.5
"28","OAKLAND, MI",12,66.67,12,2.78,3
"29","PALM BEACH, FL",12,25,12,2.33,2
"30","SALT LAKE, UT",12,58.33,10,3.44,3
"31","TRAVIS, TX",12,41.67,11,3.62,4
"32","TULSA, OK",12,33.33,12,3.3,3
"33","MIDDLESEX, MA",11,72.73,11,3.18,3
"34","PINELLAS, FL",11,36.36,10,2.6,2
"35","SUFFOLK, NY",11,72.73,11,2.18,2
"36","WESTCHESTER, NY",11,81.82,10,2.4,2.5
"37","DOUGLAS, NE",10,60,8,3.33,3
"38","FRANKLIN, OH",10,30,9,2.71,2
"39","HAMILTON, OH",10,80,8,3.57,4
"40","HENNEPIN, MN",10,70,8,3.43,4
"41","HILLSBOROUGH, FL",10,30,9,2.44,3
"42","HONOLULU, HI",10,60,7,3.43,3
"43","JACKSON, MO",10,50,9,3.11,3
"44","JOHNSON, KS",10,20,9,3.8,4
"45","KERN, CA",10,30,7,1.86,2
"46","MILWAUKEE, WI",10,60,9,3.43,3
"47","MONTGOMERY, PA",10,40,10,2.57,3
"48","SAINT LOUIS, MO",10,90,9,2.78,3
"49","SAN FRANCISCO, CA",10,40,10,2.78,3
"50","SANTA CLARA, CA",10,30,9,2.78,3
"51","DAVIDSON, TN",9,33.33,9,3,3
"52","DENTON, TX",9,22.22,9,3.2,3
"53","JEFFERSON, AL",9,44.44,8,2.71,3
"54","LAKE, IN",9,55.56,9,3.44,3
"55","MARION, IN",9,55.56,9,3.14,3
"56","NASSAU, NY",9,77.78,9,2,2
"57","PIMA, AZ",9,44.44,9,2.57,3
"58","PULASKI, AR",9,44.44,8,2.75,2.5
"59","SACRAMENTO, CA",9,44.44,8,2.75,3
"60","WORCESTER, MA",9,44.44,8,2.71,3
"61",", AK",8,12.5,1,3,3
"62","DISTRICT OF COLUMBIA, DC",8,37.5,7,1.43,1
"63","EL PASO, TX",8,12.5,7,2,2
"64","FRESNO, CA",8,62.5,7,2.2,2
"65","FULTON, GA",8,50,7,2.43,3
"66","HARTFORD, CT",8,62.5,7,2.5,2.5
"67","LAFAYETTE, LA",8,37.5,8,3.4,3
"68","LUCAS, OH",8,25,8,3.38,4
"69","NEW HAVEN, CT",8,75,8,2.71,3
"70","SAINT LOUIS, MN",8,62.5,5,3,3
"71","SAINT TAMMANY, LA",8,12.5,8,3.4,3
"72","SONOMA, CA",8,12.5,7,3.4,3
"73","BREVARD, FL",7,71.43,7,3.29,4
"74","BUCKS, PA",7,28.57,7,3.8,4
"75","CONTRA COSTA, CA",7,28.57,7,3,3
"76","DUVAL, FL",7,85.71,7,3,3
"77","EAST BATON ROUGE, LA",7,42.86,7,2.8,3
"78","ESSEX, NJ",7,71.43,7,1.86,2
"79","GREENVILLE, SC",7,85.71,6,4.33,4
"80","MECKLENBURG, NC",7,42.86,7,3.33,3
"81","MONTGOMERY, OH",7,28.57,6,3.8,4
"82","MULTNOMAH, OR",7,57.14,6,3,3
"83","PROVIDENCE, RI",7,100,7,3,3
"84","QUEENS, NY",7,71.43,7,1.29,1
"85","SAN JOAQUIN, CA",7,28.57,7,2.43,2
"86","SAN MATEO, CA",7,57.14,7,3.17,3
"87","SHELBY, TN",7,28.57,6,2.33,2
"88","VENTURA, CA",7,42.86,6,2.5,2.5
"89","ALLEN, IN",6,33.33,6,3,3
"90","BERGEN, NJ",6,66.67,6,3,3
"91","BRONX, NY",6,33.33,6,1.33,1
"92","CADDO, LA",6,50,4,3,4
"93","CHARLESTON, SC",6,50,6,3.67,4
"94","DENVER, CO",6,33.33,6,3.6,4
"95","DUPAGE, IL",6,33.33,6,3.5,3.5
"96","ERIE, NY",6,83.33,6,2.33,2
"97","FAIRFIELD, CT",6,83.33,6,2.5,2.5
"98","FORT BEND, TX",6,33.33,6,3.5,3.5
"99","HAMILTON, IN",6,16.67,6,4.2,4
"100","HAMPDEN, MA",6,83.33,5,3.2,3
"101","HAWAII, HI",6,16.67,3,3,3
"102","HIDALGO, TX",6,33.33,6,3.6,4
"103","HUDSON, NJ",6,50,6,1.83,2
"104","LAKE, IL",6,16.67,6,4,4
"105","MIDDLESEX, NJ",6,83.33,5,2.2,2
"106","MINNEHAHA, SD",6,50,4,4.33,4
"107","MONTGOMERY, MD",6,66.67,6,NA,NA
"108","ORLEANS, LA",6,50,5,2.33,2
"109","PASCO, FL",6,33.33,6,2.83,3
"110","PIERCE, WA",6,33.33,5,2.8,3
"111","SEDGWICK, KS",6,0,6,3.75,3.5
"112","SUMMIT, OH",6,50,5,2.67,3
"113","WILLIAMSON, TX",6,50,5,3.25,3.5
"114","BALTIMORE, MD",5,100,5,NA,NA
"115","BERNALILLO, NM",5,20,5,2.8,3
"116","CALCASIEU, LA",5,20,4,3.25,3
"117","CHESTER, PA",5,40,5,3.6,3
"118","DELAWARE, PA",5,80,5,3,3
"119","ESSEX, MA",5,80,5,3.2,3
"120","FAYETTE, KY",5,20,4,2.75,2.5
"121","GRAFTON, NH",5,80,1,3,3
"122","HILLSBOROUGH, NH",5,80,4,3.75,4
"123","HINDS, MS",5,40,5,2.25,2.5
"124","JEFFERSON, LA",5,60,5,3.25,3.5
"125","KANE, IL",5,60,5,3.4,3
"126","KNOX, TN",5,80,4,3,3
"127","LANE, OR",5,80,3,2.67,3
"128","LARIMER, CO",5,60,4,3.67,4
"129","LEHIGH, PA",5,40,5,2.33,2
"130","LUBBOCK, TX",5,20,4,3.5,3.5
"131","MADISON, IL",5,40,4,2.75,3
"132","MOBILE, AL",5,20,4,2.25,2
"133","MONMOUTH, NJ",5,60,5,3.4,3
"134","MONROE, NY",5,80,5,3.5,3.5
"135","MONTGOMERY, TX",5,20,5,2,2
"136","OUACHITA, LA",5,20,5,3,3
"137","PINAL, AZ",5,20,4,3,3
"138","POLK, FL",5,40,5,2.2,2
"139","PRINCE GEORGES, MD",5,60,5,NA,NA
"140","RAMSEY, MN",5,80,4,3.5,3.5
"141","SAINT LAWRENCE, NY",5,80,3,2.67,3
"142","SAINT LOUIS CITY, MO",5,20,3,1.67,2
"143","SANTA BARBARA, CA",5,40,4,3.75,4
"144","SPOKANE, WA",5,40,4,2.75,3
"145","STANISLAUS, CA",5,20,5,2.5,2.5
"146","UTAH, UT",5,60,5,3.5,3.5
"147","VOLUSIA, FL",5,0,5,2.8,3
"148","YORK, PA",5,80,5,2.67,3
"149","ADAMS, CO",4,75,3,2.67,3
"150","ALLEN, OH",4,50,3,3.5,3.5
"151","APACHE, AZ",4,50,2,3,3
"152","AROOSTOOK, ME",4,75,3,3.33,3
"153","ASHTABULA, OH",4,75,2,3,3
"154","BAYAMON, PR",4,0,4,2,2
"155","BOULDER, CO",4,75,4,3.25,3
"156","BRAZOS, TX",4,50,4,3.33,3
"157","BRISTOL, MA",4,25,4,3,3
"158","BROWN, WI",4,25,4,3.25,3.5
"159","BURLINGTON, NJ",4,75,3,3,3
"160","BUTLER, OH",4,100,4,3.75,4
"161","BUTTE, CA",4,75,3,2.67,3
"162","CAMDEN, NJ",4,100,4,3.25,3.5
"163","CAMERON, TX",4,0,4,3.5,3.5
"164","CHAUTAUQUA, NY",4,100,4,2.67,2
"165","CHELAN, WA",4,50,2,3.5,3.5
"166","COCHISE, AZ",4,25,1,1,1
"167","CUMBERLAND, ME",4,75,3,3,3
"168","DANE, WI",4,75,3,4.67,5
"169","DEKALB, GA",4,50,3,2.67,2
"170","DELAWARE, NY",4,100,1,NA,NA
"171","ERIE, PA",4,50,3,3,3
"172","FAIRFAX, VA",4,75,4,3,3
"173","GRANT, WA",4,0,1,3,3
"174","HUMBOLDT, CA",4,50,2,3,3
"175","JEFFERSON, KY",4,100,4,2.5,2.5
"176","KANAWHA, WV",4,50,4,3.33,3
"177","LANCASTER, NE",4,75,4,4,4
"178","LANCASTER, PA",4,0,4,3.25,3
"179","LAUDERDALE, MS",4,50,4,2.5,2.5
"180","LEE, FL",4,25,4,2,2
"181","MACOMB, MI",4,50,4,2,2
"182","MAHONING, OH",4,0,4,2.5,2
"183","MAUI, HI",4,25,1,3,3
"184","MCKINLEY, NM",4,25,4,2,2
"185","MERCER, NJ",4,100,4,1.5,1.5
"186","MERCER, PA",4,50,4,3,3
"187","MOHAVE, AZ",4,0,4,2.25,2
"188","MONTCALM, MI",4,50,2,4,4
"189","MONTEREY, CA",4,25,4,3.75,3.5
"190","NAVAJO, AZ",4,50,2,4,4
"191","NORFOLK CITY, VA",4,50,3,3.33,3
"192","NORFOLK, MA",4,50,4,3.25,3
"193","NUECES, TX",4,50,3,3.67,4
"194","OCEAN, NJ",4,75,4,3,3
"195","ORANGE, FL",4,75,3,2.67,3
"196","ORANGE, NY",4,25,4,2.75,3
"197","PENNINGTON, SD",4,25,4,3,3
"198","PENOBSCOT, ME",4,75,2,3,3
"199","POLK, IA",4,75,4,3.25,3
"200","PONCE, PR",4,75,4,2,2
"201","RANKIN, MS",4,0,4,2.5,2.5
"202","RICHMOND, GA",4,0,4,2,2
"203","ROCK, WI",4,75,3,3.33,3
"204","SAINT CHARLES, MO",4,50,4,2.5,2.5
"205","SAINT CLAIR, IL",4,75,4,3,3
"206","SARASOTA, FL",4,0,4,3.75,3.5
"207","SHASTA, CA",4,25,3,3.5,3.5
"208","SIOUX, IA",4,50,0,NA,NA
"209","SMITH, TX",4,25,4,4,4
"210","SNOHOMISH, WA",4,25,4,2.75,3
"211","SOLANO, CA",4,25,4,2.75,3
"212","STARK, OH",4,25,4,3.5,3.5
"213","STEARNS, MN",4,100,1,4,4
"214","TANGIPAHOA, LA",4,0,2,3,3
"215","TULARE, CA",4,25,4,2.33,2
"216","WAKE, NC",4,75,4,3.25,3
"217","WASHINGTON, OR",4,75,4,3.5,3.5
"218","WASHINGTON, PA",4,75,4,2.67,3
"219","WASHOE, NV",4,25,3,2.33,3
"220","WASHTENAW, MI",4,50,4,3.33,3
"221","WAUKESHA, WI",4,75,4,3.75,4
"222","WINNEBAGO, WI",4,75,3,3.67,4
"223","YAKIMA, WA",4,50,3,2.33,2
"224","ADA, ID",3,33.33,3,4,4
"225","ALBANY, NY",3,100,3,2.33,2
"226","ANCHORAGE, AK",3,0,3,2.67,3
"227","ARAPAHOE, CO",3,0,3,3.67,4
"228","BALDWIN, AL",3,33.33,3,3,3
"229","BARRON, WI",3,33.33,1,4,4
"230","BARTON, KS",3,33.33,1,3,3
"231","BELL, TX",3,66.67,3,3.67,4
"232","BELMONT, OH",3,66.67,2,3,3
"233","BENTON, AR",3,0,2,3.5,3.5
"234","BENTON, WA",3,33.33,2,3,3
"235","BERKS, PA",3,0,3,2.5,2.5
"236","BIBB, GA",3,33.33,3,3,3
"237","BLACK HAWK, IA",3,66.67,3,3,3
"238","BLAIR, PA",3,100,2,2.5,2.5
"239","BRADFORD, PA",3,66.67,2,2.5,2.5
"240","BRAZORIA, TX",3,33.33,2,3,3
"241","BROWN, MN",3,66.67,0,NA,NA
"242","CALHOUN, AL",3,0,3,2.67,3
"243","CHARLOTTE, FL",3,0,3,2.33,2
"244","CHATHAM, GA",3,33.33,3,2.33,2
"245","CHIPPEWA, WI",3,33.33,1,4,4
"246","CLACKAMAS, OR",3,33.33,3,3,3
"247","CLAY, MO",3,0,2,3.5,3.5
"248","CLEVELAND, OK",3,0,2,4,4
"249","COCONINO, AZ",3,33.33,2,3.5,3.5
"250","COLLIER, FL",3,33.33,3,2.5,2.5
"251","COLORADO, TX",3,33.33,2,3,3
"252","COMANCHE, OK",3,0,3,3,3
"253","COOS, NH",3,100,0,NA,NA
"254","COOS, OR",3,0,1,1,1
"255","CREEK, OK",3,33.33,1,3,3
"256","DAKOTA, MN",3,0,3,3.33,3
"257","DAWSON, NE",3,0,0,NA,NA
"258","DEFIANCE, OH",3,33.33,1,4,4
"259","DODGE, WI",3,66.67,2,4,4
"260","DOUGLAS, CO",3,66.67,3,3.33,3
"261","DUBUQUE, IA",3,66.67,2,3.5,3.5
"262","DURHAM, NC",3,0,3,3.5,3.5
"263","EAU CLAIRE, WI",3,33.33,3,4.5,4.5
"264","ECTOR, TX",3,33.33,3,2.5,2.5
"265","ESCAMBIA, FL",3,66.67,3,3,3
"266","FLATHEAD, MT",3,66.67,2,4,4
"267","FLORENCE, SC",3,0,3,3,3
"268","FLOYD, KY",3,66.67,1,2,2
"269","FORSYTH, NC",3,66.67,3,3,3
"270","GARLAND, AR",3,33.33,3,2,2
"271","GENESEE, MI",3,33.33,3,1.67,2
"272","GILA, AZ",3,33.33,2,3,3
"273","GRANT, WI",3,100,0,NA,NA
"274","GRAYSON, TX",3,0,3,2.5,2.5
"275","GREGG, TX",3,33.33,3,3.5,3.5
"276","HAMILTON, TN",3,0,3,3,3
"277","HANCOCK, ME",3,66.67,1,5,5
"278","HARRISON, MS",3,0,3,2.33,2
"279","HORRY, SC",3,66.67,3,3.33,3
"280","HUMACAO, PR",3,33.33,3,NA,NA
"281","HURON, MI",3,33.33,1,4,4
"282","IREDELL, NC",3,33.33,3,2.67,3
"283","ITASCA, MN",3,66.67,1,3,3
"284","JACKSON, OR",3,33.33,3,3.33,4
"285","JASPER, MO",3,0,2,3,3
"286","JEFFERSON, CO",3,33.33,3,3.5,3.5
"287","JEFFERSON, NY",3,100,1,2,2
"288","JEFFERSON, TX",3,33.33,3,3,3
"289","JOHNSON, TX",3,0,3,4,4
"290","JONES, TX",3,0,3,3,3
"291","KAUAI, HI",3,0,1,4,4
"292","KENT, MI",3,66.67,3,3.67,4
"293","LA SALLE, IL",3,100,2,3.5,3.5
"294","LACKAWANNA, PA",3,33.33,3,1.67,2
"295","LAFOURCHE, LA",3,33.33,1,4,4
"296","LAKE, FL",3,33.33,3,2.33,2
"297","LORAIN, OH",3,100,2,3.5,3.5
"298","LUZERNE, PA",3,66.67,3,3,3
"299","LYCOMING, PA",3,66.67,1,4,4
"300","MADISON, IN",3,66.67,2,4,4
"301","MANATEE, FL",3,0,3,2.33,2
"302","MARIN, CA",3,0,3,3.33,3
"303","MARION, OR",3,66.67,3,3,3
"304","MAYAGUEZ, PR",3,33.33,3,NA,NA
"305","MCCRACKEN, KY",3,33.33,3,2.5,2.5
"306","MCHENRY, IL",3,66.67,2,4.5,4.5
"307","MCPHERSON, KS",3,66.67,2,3,3
"308","MENDOCINO, CA",3,0,1,3,3
"309","MERRIMACK, NH",3,100,1,4,4
"310","MESA, CO",3,66.67,2,3,3
"311","MONROE, FL",3,66.67,1,1,1
"312","MONTGOMERY, AL",3,33.33,3,3.67,3
"313","MORRIS, NJ",3,66.67,3,2.67,2
"314","MUSCOGEE, GA",3,33.33,3,3.33,3
"315","NATRONA, WY",3,0,3,3,3
"316","NESHOBA, MS",3,33.33,2,3,3
"317","NEW CASTLE, DE",3,100,2,4,4
"318","NIAGARA, NY",3,33.33,3,2.33,2
"319","NORTHAMPTON, PA",3,66.67,3,3.33,4
"320","OKALOOSA, FL",3,33.33,3,3.33,3
"321","OKANOGAN, WA",3,0,0,NA,NA
"322","ONEIDA, NY",3,100,3,1.67,2
"323","ONONDAGA, NY",3,66.67,3,2,2
"324","ONTARIO, NY",3,100,3,3,3
"325","OSAGE, OK",3,0,1,2,2
"326","OSCEOLA, FL",3,0,3,2,2
"327","OTTAWA, MI",3,66.67,3,4,4
"328","OUTAGAMIE, WI",3,100,2,3.5,3.5
"329","OZAUKEE, WI",3,66.67,3,3.5,3.5
"330","PEORIA, IL",3,66.67,3,3.33,3
"331","PLACER, CA",3,33.33,3,4,4
"332","PLUMAS, CA",3,0,0,NA,NA
"333","PLYMOUTH, MA",3,33.33,3,3,3
"334","POLK, WI",3,100,0,NA,NA
"335","POTTER, TX",3,33.33,3,3.5,3.5
"336","RANDOLPH, IL",3,0,0,NA,NA
"337","RAPIDES, LA",3,0,3,3,3
"338","RENSSELAER, NY",3,100,3,2.5,2.5
"339","RICHLAND, SC",3,66.67,3,2.67,2
"340","RICHMOND CITY, VA",3,66.67,2,3,3
"341","ROCKINGHAM, NH",3,33.33,3,3.33,3
"342","ROCKLAND, NY",3,0,3,2,2
"343","ROOSEVELT, MT",3,100,0,NA,NA
"344","RUTHERFORD, TN",3,0,3,3,3
"345","SAGINAW, MI",3,33.33,3,2,2
"346","SAINT CLAIR, MI",3,33.33,3,2.67,3
"347","SAINT CROIX, WI",3,100,0,NA,NA
"348","SAN LUIS OBISPO, CA",3,0,3,3.33,3
"349","SANILAC, MI",3,100,0,NA,NA
"350","SANTA CRUZ, CA",3,33.33,3,3.5,3.5
"351","SANTA ROSA, FL",3,33.33,3,3.33,3
"352","SAUK, WI",3,66.67,2,4.5,4.5
"353","SCHUYLKILL, PA",3,100,3,2.67,2
"354","SKAGIT, WA",3,0,2,3.5,3.5
"355","SOMERSET, PA",3,66.67,2,3,3
"356","ST JOSEPH, IN",3,66.67,3,4,4
"357","STEUBEN, NY",3,33.33,3,3.33,3
"358","SULLIVAN, TN",3,66.67,3,3,3
"359","SUSSEX, DE",3,100,3,3.67,4
"360","TERREBONNE, LA",3,0,3,3,3
"361","ULSTER, NY",3,66.67,2,2.5,2.5
"362","UNION, NJ",3,66.67,3,2.33,2
"363","WARRICK, IN",3,33.33,2,4,4
"364","WASHINGTON, AR",3,33.33,3,3,3
"365","WESTMORELAND, PA",3,0,3,3.33,3
"366","WICHITA, TX",3,33.33,2,4,4
"367","WILL, IL",3,66.67,3,2.67,2
"368","WINNEBAGO, IL",3,33.33,3,3.33,3
"369",", GU",2,50,2,3,3
"370",", VI",2,0,2,2,2
"371","ACADIA, LA",2,0,1,2,2
"372","ADAMS, WA",2,0,0,NA,NA
"373","ALACHUA, FL",2,50,2,2.5,2.5
"374","ALLEGANY, NY",2,100,1,2,2
"375","ALLEN, LA",2,0,2,3,3
"376","ANDROSCOGGIN, ME",2,100,2,3.5,3.5
"377","ANGELINA, TX",2,50,2,3,3
"378","ANNE ARUNDEL, MD",2,50,2,NA,NA
"379","ANOKA, MN",2,50,2,3.5,3.5
"380","ARECIBO, PR",2,50,2,NA,NA
"381","ARKANSAS, AR",2,100,1,4,4
"382","ARLINGTON, VA",2,100,2,4,4
"383","ASCENSION, LA",2,50,1,3,3
"384","ATLANTIC, NJ",2,50,2,3.5,3.5
"385","AVOYELLES, LA",2,0,1,3,3
"386","BARBER, KS",2,0,0,NA,NA
"387","BARNSTABLE, MA",2,100,2,3.5,3.5
"388","BARRY, MO",2,50,0,NA,NA
"389","BAY, FL",2,0,2,3,3
"390","BEAUFORT, SC",2,0,2,3,3
"391","BEAVER, UT",2,0,0,NA,NA
"392","BELL, KY",2,50,2,3.5,3.5
"393","BELTRAMI, MN",2,50,2,3,3
"394","BERKSHIRE, MA",2,50,1,4,4
"395","BERRIEN, MI",2,100,2,3.5,3.5
"396","BIG HORN, MT",2,0,0,NA,NA
"397","BIG HORN, WY",2,0,0,NA,NA
"398","BIG STONE, MN",2,50,0,NA,NA
"399","BINGHAM, ID",2,50,1,NA,NA
"400","BLAINE, OK",2,0,0,NA,NA
"401","BON HOMME, SD",2,0,0,NA,NA
"402","BONNEVILLE, ID",2,0,2,4,4
"403","BOONE, MO",2,0,2,3,3
"404","BOWIE, TX",2,0,2,2.5,2.5
"405","BOX ELDER, UT",2,50,2,3,3
"406","BOYD, KY",2,100,2,3,3
"407","BREMER, IA",2,50,0,NA,NA
"408","BROOME, NY",2,100,2,1.5,1.5
"409","BROWN, KS",2,50,0,NA,NA
"410","BROWN, SD",2,50,2,4.5,4.5
"411","BRUNSWICK, NC",2,0,1,3,3
"412","BUFFALO, NE",2,0,2,3,3
"413","BUREAU, IL",2,50,1,4,4
"414","BURLEIGH, ND",2,100,2,3.5,3.5
"415","BURNET, TX",2,100,1,NA,NA
"416","BUTLER, AL",2,0,2,3,3
"417","BUTLER, KS",2,50,2,3.5,3.5
"418","BUTLER, MO",2,50,2,2.5,2.5
"419","CABELL, WV",2,50,2,2.5,2.5
"420","CACHE, UT",2,50,2,4,4
"421","CADDO, OK",2,50,0,NA,NA
"422","CAGUAS, PR",2,50,2,2,2
"423","CALDWELL, LA",2,0,2,3.5,3.5
"424","CALHOUN, MI",2,0,2,4,4
"425","CAMBRIA, PA",2,0,2,3,3
"426","CAMPBELL, TN",2,0,2,2.5,2.5
"427","CANADIAN, OK",2,50,2,3,3
"428","CANYON, ID",2,0,2,4,4
"429","CAPE GIRARDEAU, MO",2,50,2,2.5,2.5
"430","CARBON, PA",2,50,2,2.5,2.5
"431","CARLTON, MN",2,50,0,NA,NA
"432","CARROLL, AR",2,50,0,NA,NA
"433","CARROLL, GA",2,0,2,3,3
"434","CARROLL, IA",2,50,1,4,4
"435","CARROLL, NH",2,100,0,NA,NA
"436","CARROLL, TN",2,50,2,3,3
"437","CARSON CITY, NV",2,100,2,3.5,3.5
"438","CARTER, OK",2,100,1,3,3
"439","CASCADE, MT",2,50,2,4,4
"440","CASS, MO",2,50,1,3,3
"441","CASS, ND",2,100,2,3.5,3.5
"442","CATAWBA, NC",2,0,2,3,3
"443","CHAMBERS, TX",2,0,0,NA,NA
"444","CHAMPAIGN, IL",2,50,2,3,3
"445","CHARLES MIX, SD",2,50,0,NA,NA
"446","CHAVES, NM",2,0,2,2.5,2.5
"447","CHEMUNG, NY",2,100,2,2,2
"448","CHEROKEE, KS",2,0,1,NA,NA
"449","CHEROKEE, OK",2,0,2,3,3
"450","CHEROKEE, TX",2,100,1,3,3
"451","CHESTERFIELD, VA",2,0,2,2.5,2.5
"452","CHOUTEAU, MT",2,0,0,NA,NA
"453","CHRISTIAN, IL",2,100,0,NA,NA
"454","CIBOLA, NM",2,0,1,NA,NA
"455","CITRUS, FL",2,0,2,2,2
"456","CLALLAM, WA",2,0,1,2,2
"457","CLARK, IN",2,0,2,2,2
"458","CLARK, KS",2,0,0,NA,NA
"459","CLARK, OH",2,100,2,3,3
"460","CLARK, WA",2,100,2,3,3
"461","CLARKE, AL",2,0,2,3,3
"462","CLARKE, GA",2,50,2,3.5,3.5
"463","CLATSOP, OR",2,0,0,NA,NA
"464","CLAY, FL",2,50,2,3,3
"465","CLAYTON, IA",2,50,0,NA,NA
"466","CLEARFIELD, PA",2,0,2,3,3
"467","CLEVELAND, NC",2,0,2,4,4
"468","CLINTON, IA",2,100,1,2,2
"469","CLINTON, PA",2,50,1,3,3
"470","COBB, GA",2,0,2,2.5,2.5
"471","COFFEE, TN",2,0,2,2.5,2.5
"472","COLBERT, AL",2,0,2,2.5,2.5
"473","COLE, MO",2,50,2,3.5,3.5
"474","COLQUITT, GA",2,0,2,3,3
"475","COLUMBIA, FL",2,100,2,3,3
"476","COLUMBIA, PA",2,50,2,3,3
"477","COLUMBIA, WI",2,100,1,2,2
"478","COLUMBIANA, OH",2,100,2,3,3
"479","COOKE, TX",2,0,1,4,4
"480","COTTONWOOD, MN",2,50,0,NA,NA
"481","COVINGTON, AL",2,50,2,2.5,2.5
"482","COWETA, GA",2,50,2,3.5,3.5
"483","COWLEY, KS",2,0,1,3,3
"484","CRAIGHEAD, AR",2,100,2,2,2
"485","CRAWFORD, KS",2,50,1,3,3
"486","CRAWFORD, OH",2,0,0,NA,NA
"487","CRAWFORD, PA",2,100,1,2,2
"488","CROW WING, MN",2,50,1,3,3
"489","CUMBERLAND, PA",2,50,2,3.5,3.5
"490","CUMBERLAND, TN",2,50,2,3,3
"491","CUSTER, NE",2,50,0,NA,NA
"492","CUSTER, OK",2,0,1,3,3
"493","DARLINGTON, SC",2,50,2,2,2
"494","DAUPHIN, PA",2,0,2,3,3
"495","DAVIDSON, NC",2,100,2,2.5,2.5
"496","DAVIS, UT",2,0,2,3,3
"497","DE WITT, TX",2,50,1,4,4
"498","DEKALB, IL",2,100,1,4,4
"499","DESCHUTES, OR",2,100,2,3.5,3.5
"500","DESHA, AR",2,100,0,NA,NA
"501","DESOTO, MS",2,100,2,3,3
"502","DICKINSON, KS",2,0,0,NA,NA
"503","DONA ANA, NM",2,0,2,2.5,2.5
"504","DOUGLAS, OR",2,0,1,3,3
"505","DUTCHESS, NY",2,100,2,2.5,2.5
"506","EATON, MI",2,50,0,NA,NA
"507","EDDY, NM",2,0,2,3,3
"508","EL DORADO, CA",2,50,2,3.5,3.5
"509","EL PASO, CO",2,50,2,3.5,3.5
"510","ELKHART, IN",2,50,2,3.5,3.5
"511","ELLIS, TX",2,50,2,3,3
"512","ELMORE, AL",2,50,2,3.5,3.5
"513","ESCAMBIA, AL",2,0,2,3,3
"514","ESSEX, NY",2,100,0,NA,NA
"515","ETOWAH, AL",2,0,2,2.5,2.5
"516","EVANGELINE, LA",2,0,2,3.5,3.5
"517","FAIRFIELD, OH",2,50,2,2,2
"518","FAJARDO, PR",2,0,2,NA,NA
"519","FAULKNER, AR",2,100,2,3,3
"520","FAYETTE, IA",2,50,0,NA,NA
"521","FAYETTE, PA",2,50,2,3,3
"522","FAYETTE, WV",2,50,0,NA,NA
"523","FLOYD, GA",2,0,2,3.5,3.5
"524","FLOYD, IN",2,0,2,2,2
"525","FOND DU LAC, WI",2,100,1,3,3
"526","FORREST, MS",2,50,2,2.5,2.5
"527","FRANKLIN, AL",2,0,1,3,3
"528","FRANKLIN, NY",2,0,2,3.5,3.5
"529","FRANKLIN, PA",2,100,2,3.5,3.5
"530","FRIO, TX",2,50,2,NA,NA
"531","GALLATIN, MT",2,100,2,3,3
"532","GALVESTON, TX",2,50,1,2,2
"533","GARFIELD, CO",2,50,1,3,3
"534","GARFIELD, OK",2,50,2,4,4
"535","GARVIN, OK",2,0,2,3,3
"536","GEORGETOWN, SC",2,100,2,3.5,3.5
"537","GLACIER, MT",2,50,1,NA,NA
"538","GOODHUE, MN",2,100,1,4,4
"539","GRAND FORKS, ND",2,0,1,3,3
"540","GRAYS HARBOR, WA",2,50,1,2,2
"541","GREENE, MO",2,50,2,3.5,3.5
"542","GREENE, OH",2,100,2,3,3
"543","GREENE, TN",2,100,2,3,3
"544","GREGORY, SD",2,100,0,NA,NA
"545","GUAYANILLA, PR",2,50,2,NA,NA
"546","GUILFORD, NC",2,100,2,3.5,3.5
"547","GWINNETT, GA",2,0,2,3.5,3.5
"548","HALIFAX, NC",2,100,1,3,3
"549","HAMBLEN, TN",2,0,2,1.5,1.5
"550","HAMPSHIRE, MA",2,100,2,3.5,3.5
"551","HARDEMAN, TX",2,0,0,NA,NA
"552","HARFORD, MD",2,50,2,NA,NA
"553","HARPER, KS",2,0,0,NA,NA
"554","HAYS, TX",2,100,2,3.5,3.5
"555","HENDERSON, NC",2,50,2,3.5,3.5
"556","HENDRICKS, IN",2,0,2,4.5,4.5
"557","HENRICO, VA",2,0,2,4,4
"558","HENRY, IL",2,0,0,NA,NA
"559","HERNANDO, FL",2,0,2,2.5,2.5
"560","HIGHLAND, OH",2,50,0,NA,NA
"561","HIGHLANDS, FL",2,0,2,2.5,2.5
"562","HOLT, NE",2,50,0,NA,NA
"563","HOUGHTON, MI",2,50,1,3,3
"564","HOUSTON, AL",2,0,2,3.5,3.5
"565","HOUSTON, GA",2,100,2,3.5,3.5
"566","HOWARD, IN",2,50,2,3.5,3.5
"567","HOWELL, MO",2,50,1,3,3
"568","HURON, OH",2,50,1,4,4
"569","HUTCHINSON, SD",2,100,0,NA,NA
"570","IDAHO, ID",2,50,0,NA,NA
"571","IMPERIAL, CA",2,0,2,2,2
"572","INDIAN RIVER, FL",2,0,2,2.5,2.5
"573","INGHAM, MI",2,50,2,2.5,2.5
"574","INYO, CA",2,0,0,NA,NA
"575","JACKSON, FL",2,0,1,3,3
"576","JACKSON, IL",2,100,1,3,3
"577","JAMES CITY, VA",2,100,2,4,4
"578","JEFFERSON, IL",2,50,2,2.5,2.5
"579","JEFFERSON, MO",2,100,2,3,3
"580","JEFFERSON, PA",2,100,1,4,4
"581","JOHNSON, IA",2,0,2,4.5,4.5
"582","KALAMAZOO, MI",2,50,2,3,3
"583","KANKAKEE, IL",2,50,2,4,4
"584","KAY, OK",2,50,2,3.5,3.5
"585","KENNEBEC, ME",2,50,2,4,4
"586","KENOSHA, WI",2,50,2,3.5,3.5
"587","KLICKITAT, WA",2,0,0,NA,NA
"588","KNOX, IL",2,0,2,3,3
"589","KNOX, KY",2,50,1,3,3
"590","KOOTENAI, ID",2,0,2,3,3
"591","LA CROSSE, WI",2,100,2,4,4
"592","LA PAZ, AZ",2,50,0,NA,NA
"593","LA PLATA, CO",2,0,2,5,5
"594","LA PORTE, IN",2,50,2,3,3
"595","LA SALLE, LA",2,0,1,3,3
"596","LABETTE, KS",2,0,1,4,4
"597","LAC QUI PARLE, MN",2,0,0,NA,NA
"598","LAKE, CA",2,50,0,NA,NA
"599","LAKE, MT",2,100,0,NA,NA
"600","LATIMER, OK",2,0,2,3,3
"601","LAWRENCE, IN",2,100,0,NA,NA
"602","LAWRENCE, PA",2,50,2,3,3
"603","LAWRENCE, SD",2,100,1,4,4
"604","LE FLORE, OK",2,0,1,3,3
"605","LEA, NM",2,0,1,2,2
"606","LEAVENWORTH, KS",2,50,2,4,4
"607","LEE, IA",2,100,2,3,3
"608","LENAWEE, MI",2,50,1,3,3
"609","LEON, FL",2,50,2,2.5,2.5
"610","LEWIS, WA",2,0,1,3,3
"611","LEXINGTON, SC",2,50,2,3,3
"612","LIBERTY, TX",2,0,1,NA,NA
"613","LIMESTONE, AL",2,0,2,2,2
"614","LIMESTONE, TX",2,0,1,3,3
"615","LINCOLN, MN",2,100,0,NA,NA
"616","LINCOLN, OK",2,50,0,NA,NA
"617","LINCOLN, OR",2,100,0,NA,NA
"618","LINCOLN, WA",2,0,0,NA,NA
"619","LINCOLN, WI",2,0,0,NA,NA
"620","LINCOLN, WY",2,0,0,NA,NA
"621","LINN, IA",2,50,2,4,4
"622","LINN, OR",2,0,1,2,2
"623","LITCHFIELD, CT",2,50,2,2.5,2.5
"624","LIVINGSTON, MI",2,50,2,4,4
"625","LOGAN, AR",2,50,0,NA,NA
"626","LOUDOUN, VA",2,50,2,3,3
"627","LYON, MN",2,100,0,NA,NA
"628","MACON, IL",2,50,2,2.5,2.5
"629","MACON, NC",2,100,0,NA,NA
"630","MACOUPIN, IL",2,100,0,NA,NA
"631","MADISON, AL",2,0,2,3,3
"632","MADISON, KY",2,100,1,3,3
"633","MADISON, MT",2,0,0,NA,NA
"634","MADISON, NY",2,50,1,3,3
"635","MADISON, TN",2,0,2,3,3
"636","MANATI, PR",2,0,2,2,2
"637","MANITOWOC, WI",2,50,2,4,4
"638","MARATHON, WI",2,50,2,3,3
"639","MARION, AL",2,50,2,4.5,4.5
"640","MARION, FL",2,0,2,2,2
"641","MARION, IA",2,50,0,NA,NA
"642","MARION, IL",2,0,1,4,4
"643","MARION, KS",2,0,0,NA,NA
"644","MARQUETTE, MI",2,0,1,3,3
"645","MARSHALL, IN",2,50,1,3,3
"646","MATAGORDA, TX",2,50,1,3,3
"647","MCINTOSH, ND",2,50,0,NA,NA
"648","MCKEAN, PA",2,100,2,3.5,3.5
"649","MCLEAN, IL",2,0,2,3.5,3.5
"650","MCLEAN, ND",2,50,0,NA,NA
"651","MCLENNAN, TX",2,50,2,2,2
"652","MCLEOD, MN",2,100,1,4,4
"653","MEDINA, OH",2,100,1,4,4
"654","MERCED, CA",2,100,2,2.5,2.5
"655","MERCER, WV",2,0,2,2.5,2.5
"656","MILAM, TX",2,0,1,NA,NA
"657","MILLARD, UT",2,100,0,NA,NA
"658","MISSISSIPPI, AR",2,0,1,2,2
"659","MISSOULA, MT",2,50,2,3.5,3.5
"660","MODOC, CA",2,0,0,NA,NA
"661","MONONGALIA, WV",2,100,2,2.5,2.5
"662","MONROE, IN",2,50,2,4,4
"663","MONROE, MS",2,50,1,3,3
"664","MONROE, PA",2,100,2,4,4
"665","MONROE, WI",2,50,0,NA,NA
"666","MONTGOMERY, IL",2,50,0,NA,NA
"667","MONTGOMERY, VA",2,50,2,3,3
"668","MORGAN, CO",2,0,1,3,3
"669","NACOGDOCHES, TX",2,0,2,3,3
"670","NAPA, CA",2,50,2,3,3
"671","NEMAHA, KS",2,100,0,NA,NA
"672","NESS, KS",2,0,0,NA,NA
"673","NEVADA, CA",2,0,1,3,3
"674","NEW HANOVER, NC",2,50,2,3,3
"675","NEW LONDON, CT",2,50,2,3.5,3.5
"676","NEWPORT NEWS CITY, VA",2,100,2,3,3
"677","OBRIEN, IA",2,50,0,NA,NA
"678","OCONTO, WI",2,100,0,NA,NA
"679","OHIO, WV",2,50,2,2,2
"680","OKMULGEE, OK",2,0,2,2.5,2.5
"681","OLMSTED, MN",2,50,2,4,4
"682","ONEIDA, WI",2,50,2,3.5,3.5
"683","OTERO, NM",2,50,2,2,2
"684","OTOE, NE",2,0,0,NA,NA
"685","OTSEGO, NY",2,50,2,2,2
"686","OTTER TAIL, MN",2,50,1,4,4
"687","OXFORD, ME",2,100,0,NA,NA
"688","PACIFIC, WA",2,0,0,NA,NA
"689","PAGE, IA",2,50,0,NA,NA
"690","PARK, WY",2,0,0,NA,NA
"691","PASSAIC, NJ",2,0,2,1.5,1.5
"692","PAYNE, OK",2,0,2,3.5,3.5
"693","PEARL RIVER, MS",2,0,1,2,2
"694","PECOS, TX",2,0,1,3,3
"695","PERRY, IL",2,50,0,NA,NA
"696","PETERSBURG CITY, VA",2,0,2,2,2
"697","PHILLIPS, CO",2,0,0,NA,NA
"698","PICKENS, SC",2,100,2,3,3
"699","PIERCE, NE",2,50,0,NA,NA
"700","PIKE, KY",2,50,2,2.5,2.5
"701","PIKE, MS",2,0,2,3,3
"702","PISCATAQUIS, ME",2,50,0,NA,NA
"703","POLK, MN",2,100,0,NA,NA
"704","PONTOTOC, OK",2,50,2,3,3
"705","POTTAWATOMIE, KS",2,50,0,NA,NA
"706","POTTAWATTAMIE, IA",2,100,2,3.5,3.5
"707","PRINCE WILLIAM, VA",2,100,2,2.5,2.5
"708","PUEBLO, CO",2,50,2,4,4
"709","RACINE, WI",2,50,2,3.5,3.5
"710","RALEIGH, WV",2,50,2,2,2
"711","RENO, KS",2,0,2,2,2
"712","RICHLAND, LA",2,0,1,3,3
"713","RICHLAND, OH",2,100,1,2,2
"714","RICHMOND, NY",2,100,2,1,1
"715","RILEY, KS",2,0,2,3,3
"716","RIO BLANCO, CO",2,0,0,NA,NA
"717","ROCK ISLAND, IL",2,0,2,2.5,2.5
"718","ROCKWALL, TX",2,0,2,3,3
"719","ROGERS, OK",2,0,2,3,3
"720","ROLETTE, ND",2,50,1,NA,NA
"721","RUNNELS, TX",2,0,0,NA,NA
"722","SAINT FRANCOIS, MO",2,100,1,3,3
"723","SAINT JOSEPH, MI",2,0,2,3.5,3.5
"724","SAINT LUCIE, FL",2,0,2,2,2
"725","SAINT MARY, LA",2,0,1,3,3
"726","SALEM, NJ",2,100,2,3,3
"727","SALINE, IL",2,50,1,3,3
"728","SALINE, KS",2,50,2,3,3
"729","SALINE, MO",2,50,1,3,3
"730","SALINE, NE",2,50,0,NA,NA
"731","SAN GERMAN, PR",2,50,2,2,2
"732","SAN JUAN, NM",2,50,2,2,2
"733","SAN JUAN, UT",2,50,0,NA,NA
"734","SANDUSKY, OH",2,0,2,4,4
"735","SANGAMON, IL",2,50,2,2.5,2.5
"736","SANPETE, UT",2,50,0,NA,NA
"737","SANTA FE, NM",2,50,2,2,2
"738","SARPY, NE",2,0,2,3,3
"739","SCHENECTADY, NY",2,50,2,2,2
"740","SCIOTO, OH",2,50,2,4,4
"741","SCOTT, IA",2,50,2,3.5,3.5
"742","SCOTT, MN",2,50,1,3,3
"743","SCOTT, MS",2,100,0,NA,NA
"744","SEBASTIAN, AR",2,50,2,2.5,2.5
"745","SENECA, OH",2,50,1,4,4
"746","SHAWNEE, KS",2,50,2,3.5,3.5
"747","SHEBOYGAN, WI",2,100,2,3.5,3.5
"748","SIMPSON, MS",2,50,1,3,3
"749","SISKIYOU, CA",2,0,0,NA,NA
"750","SITKA, AK",2,50,0,NA,NA
"751","SOMERSET, ME",2,50,0,NA,NA
"752","SPARTANBURG, SC",2,0,2,3,3
"753","STEVENS, WA",2,0,0,NA,NA
"754","STORY, IA",2,0,1,3,3
"755","STRAFFORD, NH",2,100,2,4,4
"756","SULLIVAN, NY",2,50,1,2,2
"757","SUMNER, KS",2,0,1,NA,NA
"758","SUMNER, TN",2,0,2,2.5,2.5
"759","SUNFLOWER, MS",2,0,1,3,3
"760","SURRY, NC",2,50,2,3.5,3.5
"761","SUSQUEHANNA, PA",2,100,0,NA,NA
"762","SWAIN, NC",2,50,1,NA,NA
"763","SWEETWATER, WY",2,0,2,2,2
"764","SWIFT, MN",2,0,0,NA,NA
"765","TALLADEGA, AL",2,50,2,3,3
"766","TALLAPOOSA, AL",2,50,2,3,3
"767","TAYLOR, TX",2,50,2,3.5,3.5
"768","TAZEWELL, IL",2,100,1,3,3
"769","TAZEWELL, VA",2,0,2,3.5,3.5
"770","THURSTON, WA",2,100,2,3,3
"771","TIPPECANOE, IN",2,50,2,3.5,3.5
"772","TODD, MN",2,50,0,NA,NA
"773","TOLLAND, CT",2,50,2,3,3
"774","TOM GREEN, TX",2,50,2,3.5,3.5
"775","TRAILL, ND",2,100,0,NA,NA
"776","TREMPEALEAU, WI",2,50,0,NA,NA
"777","TRUMBULL, OH",2,0,2,4,4
"778","TUSCARAWAS, OH",2,0,1,3,3
"779","TUSCOLA, MI",2,100,0,NA,NA
"780","UMATILLA, OR",2,50,0,NA,NA
"781","UNION, LA",2,50,0,NA,NA
"782","UPTON, TX",2,0,0,NA,NA
"783","VALLEY, ID",2,50,0,NA,NA
"784","VAN BUREN, MI",2,50,1,4,4
"785","VANDERBURGH, IN",2,100,2,3,3
"786","VERMILION, IL",2,50,1,2,2
"787","VERMILION, LA",2,0,1,3,3
"788","VERNON, LA",2,0,2,3,3
"789","VERNON, WI",2,100,0,NA,NA
"790","VICTORIA, TX",2,0,2,4,4
"791","VIGO, IN",2,50,2,3.5,3.5
"792","VIRGINIA BEACH CITY, VA",2,0,2,3.5,3.5
"793","WABASHA, MN",2,100,0,NA,NA
"794","WALLA WALLA, WA",2,50,2,3,3
"795","WALSH, ND",2,50,0,NA,NA
"796","WALTON, FL",2,0,2,4,4
"797","WALWORTH, WI",2,100,1,4,4
"798","WARD, ND",2,100,1,1,1
"799","WARREN, KY",2,50,2,3.5,3.5
"800","WARREN, NJ",2,0,2,3,3
"801","WASHBURN, WI",2,50,0,NA,NA
"802","WASHINGTON, KS",2,0,0,NA,NA
"803","WASHINGTON, LA",2,0,1,3,3
"804","WASHINGTON, ME",2,100,0,NA,NA
"805","WASHINGTON, MN",2,100,2,4,4
"806","WASHINGTON, OH",2,50,1,2,2
"807","WASHINGTON, RI",2,100,2,4,4
"808","WASHINGTON, TN",2,100,2,3,3
"809","WASHINGTON, WI",2,100,2,3.5,3.5
"810","WATONWAN, MN",2,0,0,NA,NA
"811","WAYNE, OH",2,50,1,3,3
"812","WEBB, TX",2,0,2,3,3
"813","WEBER, UT",2,50,2,3,3
"814","WEBSTER, LA",2,50,2,4,4
"815","WHARTON, TX",2,50,2,3,3
"816","WHEELER, TX",2,0,0,NA,NA
"817","WHITESIDE, IL",2,0,1,4,4
"818","WHITMAN, WA",2,0,0,NA,NA
"819","WILLIAMS, ND",2,50,0,NA,NA
"820","WILLIAMS, OH",2,50,1,4,4
"821","WILLIAMSON, IL",2,50,2,2.5,2.5
"822","WILSON, KS",2,0,0,NA,NA
"823","WINDHAM, CT",2,100,2,3,3
"824","WINDHAM, VT",2,100,1,4,4
"825","WINDSOR, VT",2,100,0,NA,NA
"826","WOOD, TX",2,100,0,NA,NA
"827","WOOD, WI",2,50,2,2.5,2.5
"828","WOODBURY, IA",2,100,2,3,3
"829","WRIGHT, IA",2,0,0,NA,NA
"830","WRIGHT, MN",2,0,1,4,4
"831","WYANDOTTE, KS",2,0,2,3.5,3.5
"832","YAMHILL, OR",2,50,2,3.5,3.5
"833","YANKTON, SD",2,50,2,4,4
"834","YAVAPAI, AZ",2,50,2,3,3
"835","YELL, AR",2,50,1,3,3
"836","YELLOW MEDICINE, MN",2,0,0,NA,NA
"837","YELLOWSTONE, MT",2,50,2,4,4
"838","YOLO, CA",2,0,2,3.5,3.5
"839","YORK, ME",2,100,2,3.5,3.5
"840","YORK, NE",2,100,0,NA,NA
"841","YOUNG, TX",2,0,1,3,3
"842","YUMA, CO",2,0,0,NA,NA
"843",", AS",1,0,1,NA,NA
"844",", MP",1,0,1,NA,NA
"845",", SD",1,0,1,NA,NA
"846","ABBEVILLE, SC",1,0,0,NA,NA
"847","ACCOMACK, VA",1,100,1,4,4
"848","ADAIR, IA",1,0,0,NA,NA
"849","ADAIR, KY",1,0,1,4,4
"850","ADAIR, MO",1,0,1,4,4
"851","ADAIR, OK",1,100,1,4,4
"852","ADAMS, IA",1,100,0,NA,NA
"853","ADAMS, IL",1,100,1,3,3
"854","ADAMS, IN",1,0,0,NA,NA
"855","ADAMS, MS",1,0,1,2,2
"856","ADAMS, ND",1,100,0,NA,NA
"857","ADAMS, NE",1,0,1,3,3
"858","ADAMS, OH",1,0,0,NA,NA
"859","ADAMS, PA",1,0,1,4,4
"860","ADAMS, WI",1,100,0,NA,NA
"861","ADDISON, VT",1,100,0,NA,NA
"862","AGUADILLA, PR",1,0,1,NA,NA
"863","AIBONITO, PR",1,100,1,NA,NA
"864","AIKEN, SC",1,0,1,2,2
"865","AITKIN, MN",1,100,0,NA,NA
"866","ALAMANCE, NC",1,100,1,3,3
"867","ALAMOSA, CO",1,100,1,3,3
"868","ALBANY, WY",1,0,1,4,4
"869","ALBEMARLE, VA",1,100,1,3,3
"870","ALCORN, MS",1,0,1,2,2
"871","ALEXANDRIA CITY, VA",1,100,1,3,3
"872","ALGER, MI",1,100,0,NA,NA
"873","ALLAMAKEE, IA",1,0,0,NA,NA
"874","ALLEGAN, MI",1,0,0,NA,NA
"875","ALLEGANY, MD",1,100,1,NA,NA
"876","ALLEGHANY, NC",1,100,0,NA,NA
"877","ALLEGHANY, VA",1,100,1,3,3
"878","ALLEN, KS",1,0,0,NA,NA
"879","ALLEN, KY",1,100,0,NA,NA
"880","ALLENDALE, SC",1,0,0,NA,NA
"881","ALPENA, MI",1,0,1,4,4
"882","AMADOR, CA",1,100,1,2,2
"883","ANDERSON, KS",1,100,0,NA,NA
"884","ANDERSON, SC",1,100,1,3,3
"885","ANDERSON, TN",1,100,1,3,3
"886","ANDERSON, TX",1,0,1,3,3
"887","ANDREWS, TX",1,0,1,3,3
"888","ANSON, NC",1,0,1,3,3
"889","ANTELOPE, NE",1,100,0,NA,NA
"890","APPANOOSE, IA",1,100,0,NA,NA
"891","APPLING, GA",1,0,1,3,3
"892","ARCHULETA, CO",1,0,0,NA,NA
"893","ARENAC, MI",1,0,0,NA,NA
"894","ARMSTRONG, PA",1,100,1,4,4
"895","ARROYO, PR",1,100,1,NA,NA
"896","ASHE, NC",1,100,0,NA,NA
"897","ASHLAND, OH",1,0,1,4,4
"898","ASHLAND, WI",1,100,0,NA,NA
"899","ASHLEY, AR",1,100,0,NA,NA
"900","ASOTIN, WA",1,100,0,NA,NA
"901","ASSUMPTION, LA",1,100,0,NA,NA
"902","ATASCOSA, TX",1,0,1,3,3
"903","ATCHISON, KS",1,100,0,NA,NA
"904","ATCHISON, MO",1,100,0,NA,NA
"905","ATHENS, OH",1,0,1,3,3
"906","ATOKA, OK",1,0,0,NA,NA
"907","ATTALA, MS",1,0,0,NA,NA
"908","AUDRAIN, MO",1,100,1,3,3
"909","AUDUBON, IA",1,0,0,NA,NA
"910","AUGLAIZE, OH",1,100,1,4,4
"911","AUGUSTA, VA",1,100,1,3,3
"912","AUSTIN, TX",1,0,1,3,3
"913","AUTAUGA, AL",1,0,1,4,4
"914","AVERY, NC",1,100,0,NA,NA
"915","BACA, CO",1,0,0,NA,NA
"916","BACON, GA",1,0,0,NA,NA
"917","BAILEY, TX",1,0,0,NA,NA
"918","BAKER, FL",1,0,1,NA,NA
"919","BAKER, OR",1,0,0,NA,NA
"920","BALDWIN, GA",1,100,1,3,3
"921","BANNOCK, ID",1,0,1,3,3
"922","BARAGA, MI",1,0,0,NA,NA
"923","BARBOUR, AL",1,0,1,3,3
"924","BARBOUR, WV",1,100,0,NA,NA
"925","BARNES, ND",1,0,0,NA,NA
"926","BARREN, KY",1,0,1,3,3
"927","BARROW, GA",1,0,1,3,3
"928","BARRY, MI",1,0,1,3,3
"929","BARTHOLOMEW, IN",1,0,1,4,4
"930","BARTON, MO",1,0,0,NA,NA
"931","BARTOW, GA",1,100,1,4,4
"932","BASTROP, TX",1,0,1,3,3
"933","BATES, MO",1,0,1,3,3
"934","BATH, VA",1,100,0,NA,NA
"935","BAXTER, AR",1,100,1,3,3
"936","BAY, MI",1,100,1,3,3
"937","BAYLOR, TX",1,0,1,4,4
"938","BEADLE, SD",1,100,0,NA,NA
"939","BEAR LAKE, ID",1,0,0,NA,NA
"940","BEAUFORT, NC",1,100,1,3,3
"941","BEAUREGARD, LA",1,0,1,3,3
"942","BEAVER, OK",1,0,0,NA,NA
"943","BEAVER, PA",1,100,1,2,2
"944","BEAVERHEAD, MT",1,0,0,NA,NA
"945","BECKER, MN",1,0,1,4,4
"946","BECKHAM, OK",1,100,1,3,3
"947","BEDFORD, PA",1,0,1,3,3
"948","BEDFORD, TN",1,0,1,1,1
"949","BEDFORD, VA",1,100,1,3,3
"950","BEE, TX",1,0,1,3,3
"951","BELKNAP, NH",1,100,1,3,3
"952","BEN HILL, GA",1,0,1,3,3
"953","BENEWAH, ID",1,0,0,NA,NA
"954","BENNETT, SD",1,0,0,NA,NA
"955","BENNINGTON, VT",1,100,1,4,4
"956","BENTON, IA",1,100,0,NA,NA
"957","BENTON, OR",1,100,1,3,3
"958","BENTON, TN",1,0,0,NA,NA
"959","BENZIE, MI",1,0,0,NA,NA
"960","BERKELEY, WV",1,100,1,3,3
"961","BERRIEN, GA",1,0,1,NA,NA
"962","BERTIE, NC",1,100,0,NA,NA
"963","BETHEL, AK",1,0,1,3,3
"964","BIBB, AL",1,0,1,NA,NA
"965","BIENVILLE, LA",1,0,0,NA,NA
"966","BLACKFORD, IN",1,100,0,NA,NA
"967","BLADEN, NC",1,100,0,NA,NA
"968","BLAINE, ID",1,100,0,NA,NA
"969","BLAINE, MT",1,0,0,NA,NA
"970","BLECKLEY, GA",1,0,0,NA,NA
"971","BLEDSOE, TN",1,0,0,NA,NA
"972","BLOUNT, AL",1,100,0,NA,NA
"973","BLOUNT, TN",1,0,1,2,2
"974","BLUE EARTH, MN",1,100,1,3,3
"975","BOLIVAR, MS",1,0,1,2,2
"976","BOND, IL",1,100,1,4,4
"977","BONNER, ID",1,100,0,NA,NA
"978","BOONE, AR",1,0,1,3,3
"979","BOONE, IA",1,0,0,NA,NA
"980","BOONE, IN",1,0,1,4,4
"981","BOONE, KY",1,100,1,3,3
"982","BOONE, NE",1,0,0,NA,NA
"983","BOONE, WV",1,0,0,NA,NA
"984","BOSQUE, TX",1,0,0,NA,NA
"985","BOSSIER, LA",1,100,1,5,5
"986","BOTTINEAU, ND",1,0,0,NA,NA
"987","BOUNDARY, ID",1,0,0,NA,NA
"988","BOURBON, KS",1,0,1,3,3
"989","BOURBON, KY",1,0,1,3,3
"990","BOWMAN, ND",1,100,0,NA,NA
"991","BOX BUTTE, NE",1,0,0,NA,NA
"992","BOYD, NE",1,100,0,NA,NA
"993","BOYLE, KY",1,100,1,2,2
"994","BRADFORD, FL",1,0,0,NA,NA
"995","BRADLEY, AR",1,100,0,NA,NA
"996","BRADLEY, TN",1,0,1,2,2
"997","BRANCH, MI",1,0,1,4,4
"998","BRAXTON, WV",1,100,0,NA,NA
"999","BREATHITT, KY",1,0,1,2,2
"1000","BRECKINRIDGE, KY",1,0,0,NA,NA
"1001","BREWSTER, TX",1,0,0,NA,NA
"1002","BROADWATER, MT",1,100,0,NA,NA
"1003","BROOKINGS, SD",1,0,1,4,4
"1004","BROOKS, GA",1,0,0,NA,NA
"1005","BROOMFIELD, CO",1,100,1,4,4
"1006","BROWN, NE",1,0,0,NA,NA
"1007","BROWN, TX",1,0,1,2,2
"1008","BRULE, SD",1,100,0,NA,NA
"1009","BRYAN, OK",1,0,1,3,3
"1010","BUCHANAN, IA",1,0,0,NA,NA
"1011","BUCHANAN, MO",1,100,1,5,5
"1012","BUCHANAN, VA",1,100,1,3,3
"1013","BUENA VISTA, IA",1,0,0,NA,NA
"1014","BULLOCH, GA",1,0,1,2,2
"1015","BULLOCK, AL",1,0,1,3,3
"1016","BUNCOMBE, NC",1,100,1,4,4
"1017","BURKE, GA",1,0,1,NA,NA
"1018","BURKE, NC",1,0,1,3,3
"1019","BURLESON, TX",1,0,0,NA,NA
"1020","BURNETT, WI",1,100,0,NA,NA
"1021","BURT, NE",1,100,0,NA,NA
"1022","BUTLER, NE",1,0,0,NA,NA
"1023","BUTLER, PA",1,100,1,4,4
"1024","BUTTE, ID",1,0,0,NA,NA
"1025","BUTTS, GA",1,0,0,NA,NA
"1026","CABARRUS, NC",1,0,1,3,3
"1027","CALAVERAS, CA",1,0,0,NA,NA
"1028","CALDWELL, KY",1,0,0,NA,NA
"1029","CALDWELL, NC",1,0,1,2,2
"1030","CALDWELL, TX",1,0,0,NA,NA
"1031","CALEDONIA, VT",1,100,0,NA,NA
"1032","CALHOUN, FL",1,100,0,NA,NA
"1033","CALHOUN, IA",1,100,0,NA,NA
"1034","CALHOUN, MS",1,100,0,NA,NA
"1035","CALHOUN, TX",1,0,0,NA,NA
"1036","CALHOUN, WV",1,100,0,NA,NA
"1037","CALLAWAY, MO",1,100,1,3,3
"1038","CALLOWAY, KY",1,0,1,3,3
"1039","CALUMET, WI",1,100,0,NA,NA
"1040","CALVERT, MD",1,0,1,NA,NA
"1041","CAMDEN, GA",1,0,1,3,3
"1042","CAMDEN, MO",1,0,1,3,3
"1043","CAMERON, LA",1,0,1,NA,NA
"1044","CAMP, TX",1,0,0,NA,NA
"1045","CAMPBELL, KY",1,100,1,4,4
"1046","CAMPBELL, WY",1,0,1,2,2
"1047","CANDLER, GA",1,0,0,NA,NA
"1048","CANNON, TN",1,0,1,3,3
"1049","CAPE MAY, NJ",1,100,1,3,3
"1050","CARBON, MT",1,100,0,NA,NA
"1051","CARBON, UT",1,0,1,4,4
"1052","CARBON, WY",1,0,0,NA,NA
"1053","CARIBOU, ID",1,0,0,NA,NA
"1054","CAROLINA, PR",1,0,1,NA,NA
"1055","CARROLL, KY",1,100,0,NA,NA
"1056","CARROLL, MD",1,100,1,NA,NA
"1057","CARROLL, MO",1,100,0,NA,NA
"1058","CARTER, MT",1,100,0,NA,NA
"1059","CARTER, TN",1,100,1,4,4
"1060","CARTERET, NC",1,0,1,3,3
"1061","CARVER, MN",1,100,1,4,4
"1062","CASEY, KY",1,0,0,NA,NA
"1063","CASS, IA",1,0,0,NA,NA
"1064","CASS, IN",1,0,1,3,3
"1065","CASS, MI",1,100,0,NA,NA
"1066","CASS, MN",1,0,0,NA,NA
"1067","CASSIA, ID",1,100,0,NA,NA
"1068","CASTRO, TX",1,0,0,NA,NA
"1069","CATOOSA, GA",1,0,1,NA,NA
"1070","CATTARAUGUS, NY",1,0,1,2,2
"1071","CAVALIER, ND",1,100,0,NA,NA
"1072","CAYEY, PR",1,100,1,NA,NA
"1073","CAYUGA, NY",1,100,1,2,2
"1074","CECIL, MD",1,100,1,NA,NA
"1075","CEDAR, MO",1,0,0,NA,NA
"1076","CENTRE, PA",1,100,1,4,4
"1077","CERRO GORDO, IA",1,100,1,3,3
"1078","CHAFFEE, CO",1,0,0,NA,NA
"1079","CHAMPAIGN, OH",1,100,0,NA,NA
"1080","CHARLES, MD",1,100,1,NA,NA
"1081","CHARLEVOIX, MI",1,0,0,NA,NA
"1082","CHARLOTTESVILLE CITY, VA",1,0,1,2,2
"1083","CHASE, NE",1,0,0,NA,NA
"1084","CHATHAM, NC",1,100,0,NA,NA
"1085","CHATTOOGA, GA",1,0,1,3,3
"1086","CHAUTAUQUA, KS",1,0,0,NA,NA
"1087","CHEATHAM, TN",1,0,0,NA,NA
"1088","CHENANGO, NY",1,100,1,3,3
"1089","CHEROKEE, AL",1,100,1,4,4
"1090","CHEROKEE, GA",1,0,1,3,3
"1091","CHEROKEE, IA",1,100,0,NA,NA
"1092","CHEROKEE, NC",1,100,0,NA,NA
"1093","CHEROKEE, SC",1,100,1,2,2
"1094","CHERRY, NE",1,0,0,NA,NA
"1095","CHESAPEAKE CITY, VA",1,0,1,2,2
"1096","CHESHIRE, NH",1,100,1,4,4
"1097","CHESTER, SC",1,0,1,3,3
"1098","CHESTERFIELD, SC",1,100,1,NA,NA
"1099","CHEYENNE, CO",1,0,1,NA,NA
"1100","CHEYENNE, KS",1,100,0,NA,NA
"1101","CHEYENNE, NE",1,100,0,NA,NA
"1102","CHICKASAW, IA",1,0,0,NA,NA
"1103","CHICKASAW, MS",1,0,1,NA,NA
"1104","CHICOT, AR",1,100,0,NA,NA
"1105","CHILDRESS, TX",1,0,1,4,4
"1106","CHIPPEWA, MI",1,100,1,4,4
"1107","CHIPPEWA, MN",1,0,0,NA,NA
"1108","CHISAGO, MN",1,100,1,4,4
"1109","CHITTENDEN, VT",1,0,1,3,3
"1110","CHOCTAW, AL",1,100,0,NA,NA
"1111","CHOCTAW, MS",1,0,0,NA,NA
"1112","CHOCTAW, OK",1,0,1,3,3
"1113","CHOWAN, NC",1,0,0,NA,NA
"1114","CHRISTIAN, KY",1,100,1,2,2
"1115","CHURCHILL, NV",1,0,0,NA,NA
"1116","CIMARRON, OK",1,0,0,NA,NA
"1117","CLAIBORNE, LA",1,0,1,4,4
"1118","CLAIBORNE, MS",1,0,0,NA,NA
"1119","CLAIBORNE, TN",1,0,1,3,3
"1120","CLARE, MI",1,0,1,3,3
"1121","CLARENDON, SC",1,100,1,NA,NA
"1122","CLARION, PA",1,0,1,2,2
"1123","CLARK, AR",1,100,0,NA,NA
"1124","CLARK, KY",1,0,1,4,4
"1125","CLARK, WI",1,0,0,NA,NA
"1126","CLARKE, IA",1,0,0,NA,NA
"1127","CLARKE, MS",1,0,0,NA,NA
"1128","CLAY, AL",1,0,1,3,3
"1129","CLAY, AR",1,0,0,NA,NA
"1130","CLAY, IA",1,0,1,4,4
"1131","CLAY, IL",1,0,0,NA,NA
"1132","CLAY, IN",1,100,0,NA,NA
"1133","CLAY, KS",1,0,0,NA,NA
"1134","CLAY, KY",1,0,1,3,3
"1135","CLAY, MS",1,100,1,3,3
"1136","CLAY, SD",1,100,0,NA,NA
"1137","CLAY, TN",1,0,0,NA,NA
"1138","CLAY, TX",1,0,0,NA,NA
"1139","CLAYTON, GA",1,100,1,2,2
"1140","CLEARWATER, ID",1,100,0,NA,NA
"1141","CLEARWATER, MN",1,100,0,NA,NA
"1142","CLEBURNE, AR",1,100,0,NA,NA
"1143","CLERMONT, OH",1,0,1,4,4
"1144","CLINCH, GA",1,0,0,NA,NA
"1145","CLINTON, IL",1,0,1,4,4
"1146","CLINTON, IN",1,0,0,NA,NA
"1147","CLINTON, KY",1,100,1,3,3
"1148","CLINTON, MI",1,0,0,NA,NA
"1149","CLINTON, MO",1,100,1,2,2
"1150","CLINTON, NY",1,100,1,3,3
"1151","CLINTON, OH",1,0,1,3,3
"1152","CLOUD, KS",1,100,0,NA,NA
"1153","COAHOMA, MS",1,0,1,2,2
"1154","COAL, OK",1,100,0,NA,NA
"1155","COCHRAN, TX",1,0,0,NA,NA
"1156","COCKE, TN",1,0,1,3,3
"1157","CODINGTON, SD",1,100,1,3,3
"1158","COFFEE, AL",1,0,1,3,3
"1159","COFFEE, GA",1,0,1,3,3
"1160","COFFEY, KS",1,0,1,4,4
"1161","COLEMAN, TX",1,0,0,NA,NA
"1162","COLES, IL",1,100,1,3,3
"1163","COLFAX, NE",1,100,0,NA,NA
"1164","COLFAX, NM",1,0,0,NA,NA
"1165","COLLETON, SC",1,0,1,3,3
"1166","COLLINGSWORTH, TX",1,0,0,NA,NA
"1167","COLUMBIA, AR",1,0,1,2,2
"1168","COLUMBIA, NY",1,100,1,1,1
"1169","COLUMBIA, WA",1,0,0,NA,NA
"1170","COLUMBUS, NC",1,0,1,2,2
"1171","COMAL, TX",1,0,1,3,3
"1172","COMANCHE, KS",1,0,0,NA,NA
"1173","COMANCHE, TX",1,100,0,NA,NA
"1174","CONCHO, TX",1,0,0,NA,NA
"1175","CONCORDIA, LA",1,0,0,NA,NA
"1176","CONECUH, AL",1,0,1,3,3
"1177","CONEJOS, CO",1,100,0,NA,NA
"1178","CONVERSE, WY",1,0,0,NA,NA
"1179","CONWAY, AR",1,0,0,NA,NA
"1180","COOK, GA",1,0,1,3,3
"1181","COOK, MN",1,0,0,NA,NA
"1182","COOPER, MO",1,0,1,3,3
"1183","COPIAH, MS",1,0,0,NA,NA
"1184","CORTLAND, NY",1,100,1,3,3
"1185","CORYELL, TX",1,0,0,NA,NA
"1186","COSHOCTON, OH",1,100,1,3,3
"1187","COVINGTON, MS",1,0,0,NA,NA
"1188","COWLITZ, WA",1,0,1,3,3
"1189","CRAIG, OK",1,0,1,3,3
"1190","CRANE, TX",1,0,0,NA,NA
"1191","CRAVEN, NC",1,0,1,5,5
"1192","CRAWFORD, AR",1,0,1,3,3
"1193","CRAWFORD, IA",1,0,0,NA,NA
"1194","CRAWFORD, IL",1,0,0,NA,NA
"1195","CRAWFORD, MI",1,0,1,4,4
"1196","CRAWFORD, MO",1,100,0,NA,NA
"1197","CRAWFORD, WI",1,100,0,NA,NA
"1198","CRENSHAW, AL",1,0,1,3,3
"1199","CRISP, GA",1,0,1,3,3
"1200","CRITTENDEN, KY",1,0,1,3,3
"1201","CROOK, OR",1,100,0,NA,NA
"1202","CROOK, WY",1,0,0,NA,NA
"1203","CROSBY, TX",1,100,0,NA,NA
"1204","CROSS, AR",1,0,0,NA,NA
"1205","CULBERSON, TX",1,0,0,NA,NA
"1206","CULLMAN, AL",1,0,1,3,3
"1207","CULPEPER, VA",1,0,1,2,2
"1208","CUMBERLAND, KY",1,0,0,NA,NA
"1209","CUMBERLAND, NC",1,100,1,3,3
"1210","CUMBERLAND, NJ",1,100,1,2,2
"1211","CUMING, NE",1,100,0,NA,NA
"1212","CURRY, NM",1,0,1,3,3
"1213","CURRY, OR",1,0,0,NA,NA
"1214","CUSTER, MT",1,0,0,NA,NA
"1215","CUSTER, SD",1,100,0,NA,NA
"1216","DALE, AL",1,0,1,4,4
"1217","DALLAM, TX",1,0,0,NA,NA
"1218","DALLAS, AL",1,0,1,3,3
"1219","DALLAS, AR",1,0,0,NA,NA
"1220","DALLAS, IA",1,0,0,NA,NA
"1221","DANIELS, MT",1,0,0,NA,NA
"1222","DANVILLE CITY, VA",1,0,1,1,1
"1223","DARE, NC",1,100,0,NA,NA
"1224","DARKE, OH",1,100,1,3,3
"1225","DAVIE, NC",1,100,1,NA,NA
"1226","DAVIESS, IN",1,0,1,3,3
"1227","DAVIESS, KY",1,100,1,3,3
"1228","DAVIS, IA",1,0,0,NA,NA
"1229","DAVISON, SD",1,0,1,4,4
"1230","DAWES, NE",1,100,0,NA,NA
"1231","DAWSON, MT",1,0,0,NA,NA
"1232","DAWSON, TX",1,0,1,NA,NA
"1233","DAY, SD",1,100,0,NA,NA
"1234","DE KALB, AL",1,0,1,3,3
"1235","DE KALB, IN",1,100,1,3,3
"1236","DE SOTO, FL",1,100,1,3,3
"1237","DE SOTO, LA",1,100,1,3,3
"1238","DEAF SMITH, TX",1,0,1,3,3
"1239","DEARBORN, IN",1,0,1,3,3
"1240","DECATUR, GA",1,0,1,3,3
"1241","DECATUR, IA",1,0,0,NA,NA
"1242","DECATUR, IN",1,0,0,NA,NA
"1243","DECATUR, KS",1,0,0,NA,NA
"1244","DECATUR, TN",1,0,1,3,3
"1245","DEER LODGE, MT",1,100,0,NA,NA
"1246","DEKALB, TN",1,0,1,4,4
"1247","DEL NORTE, CA",1,0,1,2,2
"1248","DELAWARE, IA",1,0,0,NA,NA
"1249","DELAWARE, IN",1,100,1,3,3
"1250","DELAWARE, OH",1,100,1,4,4
"1251","DELAWARE, OK",1,100,1,3,3
"1252","DELTA, CO",1,0,1,3,3
"1253","DELTA, MI",1,0,0,NA,NA
"1254","DENT, MO",1,0,0,NA,NA
"1255","DES MOINES, IA",1,100,1,2,2
"1256","DEUEL, SD",1,100,0,NA,NA
"1257","DEWEY, OK",1,0,0,NA,NA
"1258","DEWEY, SD",1,0,1,NA,NA
"1259","DEWITT, IL",1,0,0,NA,NA
"1260","DICKENSON, VA",1,100,0,NA,NA
"1261","DICKEY, ND",1,100,0,NA,NA
"1262","DICKINSON, IA",1,0,1,4,4
"1263","DICKINSON, MI",1,0,1,4,4
"1264","DICKSON, TN",1,0,1,3,3
"1265","DILLINGHAM, AK",1,100,0,NA,NA
"1266","DILLON, SC",1,100,1,4,4
"1267","DIMMIT, TX",1,100,1,3,3
"1268","DIVIDE, ND",1,100,0,NA,NA
"1269","DODGE, GA",1,0,1,3,3
"1270","DODGE, NE",1,0,1,2,2
"1271","DOOR, WI",1,0,0,NA,NA
"1272","DOUGHERTY, GA",1,0,1,1,1
"1273","DOUGLAS, GA",1,100,1,3,3
"1274","DOUGLAS, KS",1,0,1,3,3
"1275","DOUGLAS, MN",1,0,1,3,3
"1276","DOUGLAS, NV",1,100,0,NA,NA
"1277","DOUGLAS, SD",1,100,0,NA,NA
"1278","DOUGLAS, WI",1,100,0,NA,NA
"1279","DREW, AR",1,100,1,3,3
"1280","DUBOIS, IN",1,0,1,5,5
"1281","DUCHESNE, UT",1,0,1,3,3
"1282","DUKES, MA",1,100,0,NA,NA
"1283","DUNDY, NE",1,0,0,NA,NA
"1284","DUNKLIN, MO",1,0,1,2,2
"1285","DUNN, WI",1,100,0,NA,NA
"1286","DUPLIN, NC",1,0,1,2,2
"1287","DYER, TN",1,0,1,2,2
"1288","EAGLE, CO",1,0,1,4,4
"1289","EARLY, GA",1,100,0,NA,NA
"1290","EAST CARROLL, LA",1,0,1,3,3
"1291","EAST FELICIANA, LA",1,0,1,NA,NA
"1292","EASTLAND, TX",1,0,1,4,4
"1293","EDGAR, IL",1,0,0,NA,NA
"1294","EDGECOMBE, NC",1,0,1,3,3
"1295","EDGEFIELD, SC",1,0,0,NA,NA
"1296","EDMUNDS, SD",1,0,0,NA,NA
"1297","EDWARDS, KS",1,0,0,NA,NA
"1298","EFFINGHAM, GA",1,0,0,NA,NA
"1299","EFFINGHAM, IL",1,0,1,4,4
"1300","ELBERT, GA",1,0,1,4,4
"1301","ELK, PA",1,100,0,NA,NA
"1302","ELKO, NV",1,100,1,3,3
"1303","ELLIS, KS",1,0,1,3,3
"1304","ELLIS, OK",1,0,0,NA,NA
"1305","ELLSWORTH, KS",1,0,0,NA,NA
"1306","ELMORE, ID",1,100,0,NA,NA
"1307","EMANUEL, GA",1,0,1,3,3
"1308","EMMET, IA",1,0,0,NA,NA
"1309","EMMET, MI",1,0,1,5,5
"1310","EMMONS, ND",1,100,0,NA,NA
"1311","EMPORIA CITY, VA",1,0,1,2,2
"1312","ERATH, TX",1,100,1,4,4
"1313","ERIE, OH",1,100,1,4,4
"1314","ESSEX, VA",1,100,1,4,4
"1315","ESTILL, KY",1,100,0,NA,NA
"1316","EVANS, GA",1,0,1,4,4
"1317","FAIRBANKS NORTH STAR, AK",1,0,1,3,3
"1318","FAIRFIELD, SC",1,0,0,NA,NA
"1319","FALL RIVER, SD",1,0,0,NA,NA
"1320","FALLON, MT",1,100,0,NA,NA
"1321","FALLS, TX",1,100,1,4,4
"1322","FANNIN, GA",1,0,1,3,3
"1323","FANNIN, TX",1,0,0,NA,NA
"1324","FARIBAULT, MN",1,0,0,NA,NA
"1325","FAULK, SD",1,100,0,NA,NA
"1326","FAUQUIER, VA",1,100,1,2,2
"1327","FAYETTE, AL",1,0,1,4,4
"1328","FAYETTE, GA",1,100,1,2,2
"1329","FAYETTE, IL",1,0,0,NA,NA
"1330","FAYETTE, IN",1,0,1,4,4
"1331","FAYETTE, OH",1,0,0,NA,NA
"1332","FAYETTE, TX",1,100,1,4,4
"1333","FENTRESS, TN",1,0,1,3,3
"1334","FERGUS, MT",1,100,0,NA,NA
"1335","FERRY, WA",1,0,0,NA,NA
"1336","FILLMORE, NE",1,0,0,NA,NA
"1337","FINNEY, KS",1,100,1,3,3
"1338","FISHER, TX",1,0,0,NA,NA
"1339","FLAGLER, FL",1,0,1,3,3
"1340","FLEMING, KY",1,0,1,3,3
"1341","FLOYD, IA",1,0,0,NA,NA
"1342","FLOYD, TX",1,0,0,NA,NA
"1343","FORD, IL",1,100,0,NA,NA
"1344","FORD, KS",1,0,1,3,3
"1345","FORSYTH, GA",1,100,1,3,3
"1346","FOSTER, ND",1,100,0,NA,NA
"1347","FRANKLIN CITY, VA",1,0,1,3,3
"1348","FRANKLIN, AR",1,100,0,NA,NA
"1349","FRANKLIN, FL",1,0,0,NA,NA
"1350","FRANKLIN, GA",1,100,1,3,3
"1351","FRANKLIN, IA",1,0,0,NA,NA
"1352","FRANKLIN, ID",1,0,0,NA,NA
"1353","FRANKLIN, IL",1,0,0,NA,NA
"1354","FRANKLIN, KS",1,0,1,4,4
"1355","FRANKLIN, KY",1,0,1,3,3
"1356","FRANKLIN, LA",1,0,1,2,2
"1357","FRANKLIN, MA",1,100,1,3,3
"1358","FRANKLIN, ME",1,100,1,3,3
"1359","FRANKLIN, MO",1,100,1,4,4
"1360","FRANKLIN, MS",1,0,0,NA,NA
"1361","FRANKLIN, NE",1,0,0,NA,NA
"1362","FRANKLIN, TN",1,0,1,2,2
"1363","FRANKLIN, VA",1,100,1,3,3
"1364","FRANKLIN, VT",1,0,1,2,2
"1365","FRANKLIN, WA",1,0,0,NA,NA
"1366","FREDERICK, MD",1,100,1,NA,NA
"1367","FREDERICKSBURG CITY, VA",1,100,1,2,2
"1368","FREEBORN, MN",1,100,1,4,4
"1369","FREESTONE, TX",1,100,1,3,3
"1370","FREMONT, CO",1,100,1,4,4
"1371","FREMONT, IA",1,0,0,NA,NA
"1372","FREMONT, WY",1,0,1,3,3
"1373","FULTON, AR",1,0,0,NA,NA
"1374","FULTON, IL",1,0,1,3,3
"1375","FULTON, IN",1,0,0,NA,NA
"1376","FULTON, NY",1,100,1,3,3
"1377","FULTON, OH",1,100,0,NA,NA
"1378","FULTON, PA",1,100,0,NA,NA
"1379","FURNAS, NE",1,100,0,NA,NA
"1380","GADSDEN, FL",1,0,1,NA,NA
"1381","GAGE, NE",1,100,0,NA,NA
"1382","GAINES, TX",1,0,0,NA,NA
"1383","GALAX CITY, VA",1,100,1,2,2
"1384","GALLIA, OH",1,100,1,2,2
"1385","GARDEN, NE",1,100,0,NA,NA
"1386","GARFIELD, MT",1,0,0,NA,NA
"1387","GARFIELD, UT",1,0,1,NA,NA
"1388","GARFIELD, WA",1,0,0,NA,NA
"1389","GARRETT, MD",1,100,1,NA,NA
"1390","GASCONADE, MO",1,0,0,NA,NA
"1391","GASTON, NC",1,0,1,4,4
"1392","GEARY, KS",1,0,1,3,3
"1393","GEAUGA, OH",1,100,1,4,4
"1394","GEM, ID",1,0,0,NA,NA
"1395","GENESEE, NY",1,100,1,3,3
"1396","GENEVA, AL",1,100,1,3,3
"1397","GENTRY, MO",1,100,0,NA,NA
"1398","GEORGE, MS",1,0,1,3,3
"1399","GIBSON, IN",1,100,0,NA,NA
"1400","GIBSON, TN",1,0,1,4,4
"1401","GILES, TN",1,0,1,4,4
"1402","GILES, VA",1,100,0,NA,NA
"1403","GILLESPIE, TX",1,100,1,5,5
"1404","GLADWIN, MI",1,100,0,NA,NA
"1405","GLENN, CA",1,100,0,NA,NA
"1406","GLOUCESTER, NJ",1,100,1,3,3
"1407","GLOUCESTER, VA",1,100,1,3,3
"1408","GLYNN, GA",1,0,1,3,3
"1409","GOGEBIC, MI",1,100,0,NA,NA
"1410","GONZALES, TX",1,0,1,3,3
"1411","GOODING, ID",1,100,0,NA,NA
"1412","GORDON, GA",1,0,1,5,5
"1413","GOSHEN, WY",1,100,0,NA,NA
"1414","GOVE, KS",1,0,0,NA,NA
"1415","GRADY, GA",1,100,1,4,4
"1416","GRADY, OK",1,0,1,3,3
"1417","GRAHAM, AZ",1,0,1,3,3
"1418","GRAHAM, KS",1,0,0,NA,NA
"1419","GRAND TRAVERSE, MI",1,0,1,4,4
"1420","GRAND, CO",1,0,0,NA,NA
"1421","GRAND, UT",1,100,0,NA,NA
"1422","GRANITE, MT",1,0,0,NA,NA
"1423","GRANT, IN",1,100,1,4,4
"1424","GRANT, KS",1,0,1,NA,NA
"1425","GRANT, KY",1,0,0,NA,NA
"1426","GRANT, MN",1,100,0,NA,NA
"1427","GRANT, ND",1,100,0,NA,NA
"1428","GRANT, NM",1,0,1,4,4
"1429","GRANT, OR",1,0,0,NA,NA
"1430","GRANT, SD",1,100,0,NA,NA
"1431","GRANT, WV",1,0,0,NA,NA
"1432","GRANVILLE, NC",1,0,1,3,3
"1433","GRATIOT, MI",1,100,1,3,3
"1434","GRAVES, KY",1,0,1,3,3
"1435","GRAY, TX",1,100,1,4,4
"1436","GRAYSON, KY",1,0,1,4,4
"1437","GREELEY, KS",1,0,0,NA,NA
"1438","GREEN LAKE, WI",1,100,0,NA,NA
"1439","GREEN, KY",1,100,0,NA,NA
"1440","GREEN, WI",1,100,1,4,4
"1441","GREENBRIER, WV",1,0,1,3,3
"1442","GREENE, AL",1,0,1,3,3
"1443","GREENE, AR",1,100,1,2,2
"1444","GREENE, GA",1,0,0,NA,NA
"1445","GREENE, IA",1,0,0,NA,NA
"1446","GREENE, IL",1,100,0,NA,NA
"1447","GREENE, IN",1,0,0,NA,NA
"1448","GREENE, MS",1,0,0,NA,NA
"1449","GREENE, PA",1,100,1,3,3
"1450","GREENWOOD, KS",1,0,0,NA,NA
"1451","GREENWOOD, SC",1,100,1,3,3
"1452","GREER, OK",1,0,0,NA,NA
"1453","GRENADA, MS",1,0,1,2,2
"1454","GRIGGS, ND",1,100,0,NA,NA
"1455","GRIMES, TX",1,100,0,NA,NA
"1456","GRUNDY, IA",1,0,0,NA,NA
"1457","GRUNDY, IL",1,100,1,4,4
"1458","GRUNDY, MO",1,100,0,NA,NA
"1459","GUADALUPE, NM",1,0,1,NA,NA
"1460","GUADALUPE, TX",1,0,1,3,3
"1461","GUAYNABO, PR",1,0,1,NA,NA
"1462","GUERNSEY, OH",1,100,1,3,3
"1463","GULF, FL",1,100,1,4,4
"1464","GUNNISON, CO",1,0,0,NA,NA
"1465","GUTHRIE, IA",1,0,0,NA,NA
"1466","HAAKON, SD",1,100,0,NA,NA
"1467","HABERSHAM, GA",1,0,1,3,3
"1468","HALE, AL",1,0,1,NA,NA
"1469","HALE, TX",1,100,1,3,3
"1470","HALIFAX, VA",1,100,1,3,3
"1471","HALL, GA",1,0,1,3,3
"1472","HALL, NE",1,0,1,3,3
"1473","HAMILTON, IA",1,0,0,NA,NA
"1474","HAMILTON, IL",1,0,0,NA,NA
"1475","HAMILTON, KS",1,0,0,NA,NA
"1476","HAMILTON, NE",1,100,0,NA,NA
"1477","HAMILTON, TX",1,0,1,4,4
"1478","HAMPSHIRE, WV",1,100,0,NA,NA
"1479","HAMPTON CITY, VA",1,100,1,3,3
"1480","HAMPTON, SC",1,100,1,3,3
"1481","HANCOCK, IA",1,0,0,NA,NA
"1482","HANCOCK, IL",1,100,0,NA,NA
"1483","HANCOCK, IN",1,0,1,3,3
"1484","HANCOCK, MS",1,0,1,3,3
"1485","HANCOCK, OH",1,0,1,4,4
"1486","HANCOCK, TN",1,100,0,NA,NA
"1487","HANCOCK, WV",1,0,1,3,3
"1488","HAND, SD",1,100,0,NA,NA
"1489","HANOVER, VA",1,0,1,4,4
"1490","HANSFORD, TX",1,0,0,NA,NA
"1491","HARALSON, GA",1,0,0,NA,NA
"1492","HARDEE, FL",1,100,0,NA,NA
"1493","HARDEMAN, TN",1,0,1,NA,NA
"1494","HARDIN, IA",1,0,0,NA,NA
"1495","HARDIN, IL",1,100,0,NA,NA
"1496","HARDIN, KY",1,0,1,4,4
"1497","HARDIN, OH",1,100,0,NA,NA
"1498","HARDIN, TN",1,0,1,3,3
"1499","HARLAN, KY",1,0,1,2,2
"1500","HARLAN, NE",1,0,0,NA,NA
"1501","HARMON, OK",1,0,0,NA,NA
"1502","HARNETT, NC",1,100,1,3,3
"1503","HARNEY, OR",1,0,0,NA,NA
"1504","HARPER, OK",1,0,0,NA,NA
"1505","HARRISON, IA",1,100,0,NA,NA
"1506","HARRISON, IN",1,0,0,NA,NA
"1507","HARRISON, KY",1,0,1,4,4
"1508","HARRISON, MO",1,0,0,NA,NA
"1509","HARRISON, OH",1,100,0,NA,NA
"1510","HARRISON, TX",1,100,1,3,3
"1511","HARRISON, WV",1,100,1,3,3
"1512","HARRISONBURG CITY, VA",1,100,1,3,3
"1513","HART, KY",1,100,0,NA,NA
"1514","HARVEY, KS",1,100,1,4,4
"1515","HASKELL, KS",1,0,0,NA,NA
"1516","HASKELL, OK",1,0,0,NA,NA
"1517","HASKELL, TX",1,0,0,NA,NA
"1518","HAWKINS, TN",1,100,1,4,4
"1519","HAYWOOD, NC",1,0,1,3,3
"1520","HEMPHILL, TX",1,0,1,NA,NA
"1521","HEMPSTEAD, AR",1,0,1,3,3
"1522","HENDERSON, KY",1,0,1,4,4
"1523","HENDERSON, TN",1,0,1,3,3
"1524","HENDERSON, TX",1,100,1,3,3
"1525","HENDRY, FL",1,0,0,NA,NA
"1526","HENRY, GA",1,0,1,2,2
"1527","HENRY, IA",1,0,0,NA,NA
"1528","HENRY, IN",1,0,1,4,4
"1529","HENRY, MO",1,0,1,4,4
"1530","HENRY, OH",1,100,0,NA,NA
"1531","HENRY, TN",1,0,1,3,3
"1532","HERKIMER, NY",1,100,0,NA,NA
"1533","HERTFORD, NC",1,100,1,3,3
"1534","HICKMAN, TN",1,100,0,NA,NA
"1535","HILL, MT",1,100,1,2,2
"1536","HILL, TX",1,100,1,3,3
"1537","HILLSDALE, MI",1,100,1,4,4
"1538","HOCKING, OH",1,0,0,NA,NA
"1539","HOCKLEY, TX",1,100,1,3,3
"1540","HODGEMAN, KS",1,0,0,NA,NA
"1541","HOKE, NC",1,100,1,NA,NA
"1542","HOLMES, FL",1,0,0,NA,NA
"1543","HOLMES, MS",1,0,0,NA,NA
"1544","HOLMES, OH",1,0,1,4,4
"1545","HOOD RIVER, OR",1,0,0,NA,NA
"1546","HOOD, TX",1,0,1,3,3
"1547","HOPEWELL CITY, VA",1,0,1,2,2
"1548","HOPKINS, KY",1,100,1,3,3
"1549","HOPKINS, TX",1,0,1,3,3
"1550","HOT SPRING, AR",1,100,1,3,3
"1551","HOT SPRINGS, WY",1,0,0,NA,NA
"1552","HOUSTON, TN",1,0,1,3,3
"1553","HOUSTON, TX",1,0,1,2,2
"1554","HOWARD, AR",1,100,0,NA,NA
"1555","HOWARD, IA",1,0,0,NA,NA
"1556","HOWARD, MD",1,100,1,NA,NA
"1557","HOWARD, NE",1,0,0,NA,NA
"1558","HOWARD, TX",1,0,1,2,2
"1559","HUBBARD, MN",1,100,0,NA,NA
"1560","HUERFANO, CO",1,0,0,NA,NA
"1561","HUGHES, OK",1,0,0,NA,NA
"1562","HUGHES, SD",1,100,1,4,4
"1563","HUMBOLDT, IA",1,0,0,NA,NA
"1564","HUMBOLDT, NV",1,0,0,NA,NA
"1565","HUMPHREYS, TN",1,100,0,NA,NA
"1566","HUNT, TX",1,0,1,3,3
"1567","HUNTERDON, NJ",1,100,1,3,3
"1568","HUNTINGDON, PA",1,0,1,4,4
"1569","HUNTINGTON, IN",1,100,1,4,4
"1570","HUTCHINSON, TX",1,0,0,NA,NA
"1571","IBERIA, LA",1,0,1,3,3
"1572","IDA, IA",1,100,0,NA,NA
"1573","INDEPENDENCE, AR",1,100,1,2,2
"1574","INDIANA, PA",1,100,1,3,3
"1575","IONIA, MI",1,100,0,NA,NA
"1576","IOSCO, MI",1,0,1,4,4
"1577","IOWA, IA",1,0,0,NA,NA
"1578","IOWA, WI",1,100,0,NA,NA
"1579","IRON, MI",1,0,0,NA,NA
"1580","IRON, MO",1,0,0,NA,NA
"1581","IRON, UT",1,100,1,4,4
"1582","IROQUOIS, IL",1,100,1,2,2
"1583","IRWIN, GA",1,0,1,3,3
"1584","ISABELLA, MI",1,100,1,4,4
"1585","ISANTI, MN",1,100,1,4,4
"1586","ISLAND, WA",1,0,0,NA,NA
"1587","IZARD, AR",1,100,0,NA,NA
"1588","JACK, TX",1,0,1,NA,NA
"1589","JACKSON, AL",1,0,1,3,3
"1590","JACKSON, GA",1,0,1,2,2
"1591","JACKSON, IA",1,0,0,NA,NA
"1592","JACKSON, IN",1,0,1,5,5
"1593","JACKSON, KS",1,100,0,NA,NA
"1594","JACKSON, LA",1,0,0,NA,NA
"1595","JACKSON, MI",1,0,1,4,4
"1596","JACKSON, MN",1,100,0,NA,NA
"1597","JACKSON, MS",1,0,1,2,2
"1598","JACKSON, NC",1,0,1,2,2
"1599","JACKSON, OH",1,100,0,NA,NA
"1600","JACKSON, OK",1,0,1,3,3
"1601","JACKSON, TX",1,0,0,NA,NA
"1602","JACKSON, WI",1,100,0,NA,NA
"1603","JACKSON, WV",1,0,0,NA,NA
"1604","JASPER, GA",1,0,0,NA,NA
"1605","JASPER, IA",1,0,1,3,3
"1606","JASPER, IN",1,100,0,NA,NA
"1607","JASPER, MS",1,0,1,NA,NA
"1608","JASPER, SC",1,0,1,3,3
"1609","JASPER, TX",1,0,1,3,3
"1610","JAY, IN",1,0,0,NA,NA
"1611","JEFF DAVIS, GA",1,0,0,NA,NA
"1612","JEFFERSON DAVIS, LA",1,100,1,3,3
"1613","JEFFERSON DAVIS, MS",1,0,0,NA,NA
"1614","JEFFERSON, AR",1,100,1,2,2
"1615","JEFFERSON, GA",1,0,1,3,3
"1616","JEFFERSON, IA",1,0,0,NA,NA
"1617","JEFFERSON, IN",1,100,1,4,4
"1618","JEFFERSON, KS",1,100,0,NA,NA
"1619","JEFFERSON, MS",1,0,1,NA,NA
"1620","JEFFERSON, NE",1,100,0,NA,NA
"1621","JEFFERSON, OH",1,0,1,4,4
"1622","JEFFERSON, OK",1,0,0,NA,NA
"1623","JEFFERSON, OR",1,100,0,NA,NA
"1624","JEFFERSON, TN",1,0,1,3,3
"1625","JEFFERSON, WA",1,0,0,NA,NA
"1626","JEFFERSON, WI",1,100,1,4,4
"1627","JEFFERSON, WV",1,100,0,NA,NA
"1628","JENKINS, GA",1,0,0,NA,NA
"1629","JENNINGS, IN",1,0,0,NA,NA
"1630","JERAULD, SD",1,100,0,NA,NA
"1631","JEROME, ID",1,100,0,NA,NA
"1632","JERSEY, IL",1,0,1,3,3
"1633","JEWELL, KS",1,0,0,NA,NA
"1634","JIM WELLS, TX",1,100,1,3,3
"1635","JO DAVIESS, IL",1,100,0,NA,NA
"1636","JOHNSON, AR",1,100,1,3,3
"1637","JOHNSON, IN",1,0,1,4,4
"1638","JOHNSON, KY",1,0,1,3,3
"1639","JOHNSON, MO",1,0,1,3,3
"1640","JOHNSON, NE",1,0,0,NA,NA
"1641","JOHNSON, TN",1,0,0,NA,NA
"1642","JOHNSON, WY",1,0,0,NA,NA
"1643","JOHNSTON, NC",1,0,1,3,3
"1644","JOHNSTON, OK",1,0,0,NA,NA
"1645","JONES, IA",1,100,0,NA,NA
"1646","JONES, MS",1,0,1,1,1
"1647","JOSEPHINE, OR",1,0,1,3,3
"1648","JUAB, UT",1,100,0,NA,NA
"1649","JUNEAU, AK",1,0,1,3,3
"1650","JUNEAU, WI",1,0,1,3,3
"1651","KALKASKA, MI",1,0,0,NA,NA
"1652","KANABEC, MN",1,0,0,NA,NA
"1653","KANDIYOHI, MN",1,0,1,4,4
"1654","KANE, UT",1,0,0,NA,NA
"1655","KARNES, TX",1,0,0,NA,NA
"1656","KAUFMAN, TX",1,100,1,3,3
"1657","KEARNEY, NE",1,0,0,NA,NA
"1658","KEARNY, KS",1,0,0,NA,NA
"1659","KEITH, NE",1,0,0,NA,NA
"1660","KEMPER, MS",1,100,0,NA,NA
"1661","KENT, DE",1,100,1,3,3
"1662","KENT, MD",1,100,1,NA,NA
"1663","KENT, RI",1,0,1,3,3
"1664","KENTON, KY",1,0,1,4,4
"1665","KEOKUK, IA",1,0,0,NA,NA
"1666","KERR, TX",1,100,1,3,3
"1667","KERSHAW, SC",1,0,1,4,4
"1668","KETCHIKAN GATEWAY, AK",1,0,0,NA,NA
"1669","KIMBALL, NE",1,0,0,NA,NA
"1670","KIMBLE, TX",1,0,0,NA,NA
"1671","KINGFISHER, OK",1,100,0,NA,NA
"1672","KINGMAN, KS",1,100,0,NA,NA
"1673","KINGS, CA",1,0,1,2,2
"1674","KINGSBURY, SD",1,100,0,NA,NA
"1675","KIOWA, CO",1,0,0,NA,NA
"1676","KIOWA, KS",1,0,0,NA,NA
"1677","KIOWA, OK",1,0,1,3,3
"1678","KIT CARSON, CO",1,0,0,NA,NA
"1679","KITSAP, WA",1,100,1,2,2
"1680","KITTITAS, WA",1,0,0,NA,NA
"1681","KITTSON, MN",1,100,0,NA,NA
"1682","KLAMATH, OR",1,100,1,3,3
"1683","KLEBERG, TX",1,100,1,3,3
"1684","KNOX, IN",1,0,1,3,3
"1685","KNOX, ME",1,100,1,3,3
"1686","KNOX, NE",1,100,0,NA,NA
"1687","KNOX, OH",1,0,1,3,3
"1688","KNOX, TX",1,0,1,NA,NA
"1689","KODIAK ISLAND, AK",1,0,0,NA,NA
"1690","KOOCHICHING, MN",1,100,0,NA,NA
"1691","KOSCIUSKO, IN",1,0,1,3,3
"1692","KOSSUTH, IA",1,0,0,NA,NA
"1693","LACLEDE, MO",1,0,1,3,3
"1694","LAFAYETTE, MO",1,0,0,NA,NA
"1695","LAFAYETTE, MS",1,100,1,4,4
"1696","LAFAYETTE, WI",1,0,0,NA,NA
"1697","LAGRANGE, IN",1,100,0,NA,NA
"1698","LAKE OF THE WOODS, MN",1,0,0,NA,NA
"1699","LAKE, CO",1,0,0,NA,NA
"1700","LAKE, MN",1,100,0,NA,NA
"1701","LAKE, OH",1,100,1,4,4
"1702","LAKE, OR",1,0,0,NA,NA
"1703","LAKE, SD",1,100,0,NA,NA
"1704","LAMAR, TX",1,0,1,3,3
"1705","LAMB, TX",1,0,1,NA,NA
"1706","LAMOILLE, VT",1,100,0,NA,NA
"1707","LAMPASAS, TX",1,0,0,NA,NA
"1708","LANCASTER, SC",1,0,1,2,2
"1709","LANCASTER, VA",1,100,0,NA,NA
"1710","LANDER, NV",1,0,0,NA,NA
"1711","LANE, KS",1,0,0,NA,NA
"1712","LANGLADE, WI",1,0,0,NA,NA
"1713","LANIER, GA",1,0,0,NA,NA
"1714","LAPEER, MI",1,100,1,3,3
"1715","LARAMIE, WY",1,0,1,2,2
"1716","LARES, PR",1,100,1,NA,NA
"1717","LAS ANIMAS, CO",1,100,0,NA,NA
"1718","LASSEN, CA",1,100,0,NA,NA
"1719","LATAH, ID",1,100,0,NA,NA
"1720","LAUDERDALE, AL",1,0,1,2,2
"1721","LAUDERDALE, TN",1,0,0,NA,NA
"1722","LAUREL, KY",1,100,1,3,3
"1723","LAURENS, GA",1,0,1,4,4
"1724","LAURENS, SC",1,100,1,4,4
"1725","LAVACA, TX",1,0,0,NA,NA
"1726","LAWRENCE, AL",1,0,1,4,4
"1727","LAWRENCE, AR",1,0,0,NA,NA
"1728","LAWRENCE, IL",1,100,0,NA,NA
"1729","LAWRENCE, KY",1,0,1,3,3
"1730","LAWRENCE, MO",1,0,0,NA,NA
"1731","LAWRENCE, MS",1,0,0,NA,NA
"1732","LAWRENCE, OH",1,0,1,NA,NA
"1733","LAWRENCE, TN",1,0,1,4,4
"1734","LE SUEUR, MN",1,100,0,NA,NA
"1735","LEAKE, MS",1,100,0,NA,NA
"1736","LEBANON, PA",1,0,1,2,2
"1737","LEE, AL",1,0,1,4,4
"1738","LEE, IL",1,100,1,3,3
"1739","LEE, MS",1,100,1,3,3
"1740","LEE, NC",1,100,1,2,2
"1741","LEFLORE, MS",1,0,1,2,2
"1742","LEMHI, ID",1,0,0,NA,NA
"1743","LENOIR, NC",1,100,1,2,2
"1744","LESLIE, KY",1,100,0,NA,NA
"1745","LETCHER, KY",1,0,1,3,3
"1746","LEVY, FL",1,0,1,NA,NA
"1747","LEWIS AND CLARK, MT",1,100,1,3,3
"1748","LEWIS, NY",1,0,0,NA,NA
"1749","LEWIS, WV",1,100,1,3,3
"1750","LEXINGTON CITY, VA",1,100,0,NA,NA
"1751","LIBERTY, GA",1,0,0,NA,NA
"1752","LIBERTY, MT",1,100,0,NA,NA
"1753","LICKING, OH",1,100,1,3,3
"1754","LINCOLN, CO",1,0,0,NA,NA
"1755","LINCOLN, KS",1,0,0,NA,NA
"1756","LINCOLN, KY",1,100,0,NA,NA
"1757","LINCOLN, LA",1,0,1,2,2
"1758","LINCOLN, ME",1,100,0,NA,NA
"1759","LINCOLN, MO",1,0,0,NA,NA
"1760","LINCOLN, MS",1,0,1,4,4
"1761","LINCOLN, MT",1,100,0,NA,NA
"1762","LINCOLN, NC",1,0,1,4,4
"1763","LINCOLN, NE",1,100,1,3,3
"1764","LINCOLN, NM",1,100,0,NA,NA
"1765","LINCOLN, NV",1,0,0,NA,NA
"1766","LINCOLN, SD",1,100,0,NA,NA
"1767","LINCOLN, TN",1,0,1,2,2
"1768","LINN, MO",1,100,0,NA,NA
"1769","LITTLE RIVER, AR",1,0,0,NA,NA
"1770","LIVINGSTON, IL",1,0,1,4,4
"1771","LIVINGSTON, KY",1,100,0,NA,NA
"1772","LIVINGSTON, MO",1,100,0,NA,NA
"1773","LIVINGSTON, NY",1,100,1,3,3
"1774","LLANO, TX",1,100,1,4,4
"1775","LOGAN, CO",1,100,1,3,3
"1776","LOGAN, IL",1,100,0,NA,NA
"1777","LOGAN, KS",1,0,0,NA,NA
"1778","LOGAN, KY",1,0,1,3,3
"1779","LOGAN, OH",1,100,1,3,3
"1780","LOGAN, OK",1,100,0,NA,NA
"1781","LOGAN, WV",1,0,1,3,3
"1782","LOS ALAMOS, NM",1,0,1,3,3
"1783","LOUDON, TN",1,0,1,4,4
"1784","LOVE, OK",1,0,0,NA,NA
"1785","LOWNDES, GA",1,0,1,3,3
"1786","LOWNDES, MS",1,100,1,3,3
"1787","LUCAS, IA",1,0,0,NA,NA
"1788","LUCE, MI",1,0,0,NA,NA
"1789","LUMPKIN, GA",1,0,1,3,3
"1790","LUNA, NM",1,0,0,NA,NA
"1791","LYNCHBURG CITY, VA",1,100,1,4,4
"1792","LYNN, TX",1,0,0,NA,NA
"1793","LYON, IA",1,100,0,NA,NA
"1794","LYON, KS",1,0,0,NA,NA
"1795","LYON, NV",1,0,0,NA,NA
"1796","MACKINAC, MI",1,100,0,NA,NA
"1797","MACON, GA",1,0,1,NA,NA
"1798","MACON, MO",1,0,0,NA,NA
"1799","MACON, TN",1,100,0,NA,NA
"1800","MADERA, CA",1,0,1,2,2
"1801","MADISON, FL",1,0,0,NA,NA
"1802","MADISON, IA",1,0,0,NA,NA
"1803","MADISON, ID",1,0,1,3,3
"1804","MADISON, LA",1,0,0,NA,NA
"1805","MADISON, MO",1,0,0,NA,NA
"1806","MADISON, MS",1,0,1,3,3
"1807","MADISON, NE",1,100,1,4,4
"1808","MADISON, OH",1,100,1,3,3
"1809","MADISON, TX",1,0,0,NA,NA
"1810","MAHASKA, IA",1,0,0,NA,NA
"1811","MAHNOMEN, MN",1,0,0,NA,NA
"1812","MAJOR, OK",1,0,0,NA,NA
"1813","MALHEUR, OR",1,0,1,4,4
"1814","MANASSAS CITY, VA",1,100,1,2,2
"1815","MANISTEE, MI",1,0,1,3,3
"1816","MARENGO, AL",1,0,1,3,3
"1817","MARINETTE, WI",1,100,1,4,4
"1818","MARION, KY",1,0,1,3,3
"1819","MARION, MO",1,100,1,3,3
"1820","MARION, MS",1,0,1,3,3
"1821","MARION, OH",1,100,1,3,3
"1822","MARION, SC",1,0,1,2,2
"1823","MARION, WV",1,100,1,2,2
"1824","MARIPOSA, CA",1,0,0,NA,NA
"1825","MARSHALL, AL",1,0,1,3,3
"1826","MARSHALL, IA",1,100,1,3,3
"1827","MARSHALL, KS",1,100,0,NA,NA
"1828","MARSHALL, KY",1,0,0,NA,NA
"1829","MARSHALL, MN",1,100,0,NA,NA
"1830","MARSHALL, MS",1,0,1,3,3
"1831","MARSHALL, OK",1,0,0,NA,NA
"1832","MARSHALL, SD",1,0,0,NA,NA
"1833","MARSHALL, TN",1,0,0,NA,NA
"1834","MARSHALL, WV",1,100,1,3,3
"1835","MARTIN, FL",1,100,1,2,2
"1836","MARTIN, MN",1,100,1,3,3
"1837","MARTIN, NC",1,0,1,2,2
"1838","MARTIN, TX",1,0,0,NA,NA
"1839","MARTINSVILLE CITY, VA",1,0,1,2,2
"1840","MASON, IL",1,0,0,NA,NA
"1841","MASON, KY",1,0,1,3,3
"1842","MASON, MI",1,0,1,4,4
"1843","MASON, WA",1,0,0,NA,NA
"1844","MASON, WV",1,100,1,3,3
"1845","MASSAC, IL",1,0,0,NA,NA
"1846","MATANUSKA SUSITNA, AK",1,100,1,3,3
"1847","MAURY, TN",1,0,1,4,4
"1848","MAVERICK, TX",1,0,1,3,3
"1849","MAYES, OK",1,0,1,4,4
"1850","MCCLAIN, OK",1,0,1,4,4
"1851","MCCONE, MT",1,100,0,NA,NA
"1852","MCCULLOCH, TX",1,100,0,NA,NA
"1853","MCCURTAIN, OK",1,100,1,3,3
"1854","MCDONOUGH, IL",1,0,1,3,3
"1855","MCDOWELL, NC",1,100,1,3,3
"1856","MCDOWELL, WV",1,0,1,3,3
"1857","MCDUFFIE, GA",1,0,1,3,3
"1858","MCKENZIE, ND",1,100,0,NA,NA
"1859","MCMINN, TN",1,0,1,3,3
"1860","MCPHERSON, SD",1,0,0,NA,NA
"1861","MEADE, KS",1,0,0,NA,NA
"1862","MEADE, SD",1,0,0,NA,NA
"1863","MEAGHER, MT",1,100,0,NA,NA
"1864","MECKLENBURG, VA",1,100,1,3,3
"1865","MECOSTA, MI",1,0,1,3,3
"1866","MEDINA, TX",1,0,0,NA,NA
"1867","MEEKER, MN",1,0,0,NA,NA
"1868","MERCER, IL",1,100,0,NA,NA
"1869","MERCER, KY",1,0,0,NA,NA
"1870","MERCER, ND",1,100,0,NA,NA
"1871","MERCER, OH",1,0,1,4,4
"1872","MERIWETHER, GA",1,0,0,NA,NA
"1873","MERRICK, NE",1,0,0,NA,NA
"1874","MIAMI, IN",1,100,0,NA,NA
"1875","MIAMI, KS",1,0,1,4,4
"1876","MIAMI, OH",1,100,1,3,3
"1877","MIDDLESEX, CT",1,100,1,3,3
"1878","MIDLAND, MI",1,0,1,4,4
"1879","MIDLAND, TX",1,0,1,3,3
"1880","MIFFLIN, PA",1,100,1,3,3
"1881","MILLE LACS, MN",1,100,0,NA,NA
"1882","MILLER, GA",1,0,0,NA,NA
"1883","MINERAL, MT",1,100,0,NA,NA
"1884","MINERAL, NV",1,0,0,NA,NA
"1885","MINERAL, WV",1,100,0,NA,NA
"1886","MINGO, WV",1,100,1,3,3
"1887","MINIDOKA, ID",1,0,0,NA,NA
"1888","MITCHELL, GA",1,0,0,NA,NA
"1889","MITCHELL, IA",1,0,0,NA,NA
"1890","MITCHELL, KS",1,0,0,NA,NA
"1891","MITCHELL, NC",1,100,0,NA,NA
"1892","MITCHELL, TX",1,0,0,NA,NA
"1893","MOCA, PR",1,100,1,NA,NA
"1894","MOFFAT, CO",1,0,0,NA,NA
"1895","MONO, CA",1,0,0,NA,NA
"1896","MONONA, IA",1,100,0,NA,NA
"1897","MONROE, AL",1,0,1,3,3
"1898","MONROE, GA",1,0,0,NA,NA
"1899","MONROE, IA",1,0,0,NA,NA
"1900","MONROE, KY",1,0,1,2,2
"1901","MONROE, MI",1,0,1,3,3
"1902","MONROE, TN",1,100,1,3,3
"1903","MONTAGUE, TX",1,0,1,3,3
"1904","MONTEZUMA, CO",1,100,0,NA,NA
"1905","MONTGOMERY, IA",1,0,0,NA,NA
"1906","MONTGOMERY, IN",1,0,1,3,3
"1907","MONTGOMERY, KS",1,0,1,3,3
"1908","MONTGOMERY, KY",1,100,1,3,3
"1909","MONTGOMERY, MS",1,100,0,NA,NA
"1910","MONTGOMERY, NC",1,100,0,NA,NA
"1911","MONTGOMERY, NY",1,100,1,3,3
"1912","MONTGOMERY, TN",1,0,1,2,2
"1913","MONTOUR, PA",1,100,1,2,2
"1914","MONTROSE, CO",1,100,1,4,4
"1915","MOODY, SD",1,100,0,NA,NA
"1916","MOORE, NC",1,100,1,4,4
"1917","MOORE, TX",1,0,0,NA,NA
"1918","MOREHOUSE, LA",1,0,1,2,2
"1919","MORGAN, AL",1,0,1,2,2
"1920","MORGAN, GA",1,0,0,NA,NA
"1921","MORGAN, IL",1,100,1,3,3
"1922","MORGAN, IN",1,0,1,5,5
"1923","MORGAN, KY",1,100,0,NA,NA
"1924","MORGAN, WV",1,100,0,NA,NA
"1925","MORRILL, NE",1,0,0,NA,NA
"1926","MORRIS, KS",1,0,0,NA,NA
"1927","MORRISON, MN",1,100,0,NA,NA
"1928","MORROW, OH",1,0,0,NA,NA
"1929","MORROW, OR",1,0,0,NA,NA
"1930","MORTON, KS",1,0,1,3,3
"1931","MOUNTRAIL, ND",1,100,0,NA,NA
"1932","MUHLENBERG, KY",1,100,1,3,3
"1933","MURRAY, GA",1,100,1,3,3
"1934","MURRAY, MN",1,0,0,NA,NA
"1935","MURRAY, OK",1,0,0,NA,NA
"1936","MUSCATINE, IA",1,100,1,3,3
"1937","MUSKEGON, MI",1,100,1,4,4
"1938","MUSKINGUM, OH",1,100,1,4,4
"1939","MUSKOGEE, OK",1,0,1,2,2
"1940","MUSSELSHELL, MT",1,0,0,NA,NA
"1941","NANCE, NE",1,0,0,NA,NA
"1942","NANTUCKET, MA",1,100,1,NA,NA
"1943","NASH, NC",1,0,1,2,2
"1944","NASSAU, FL",1,0,1,3,3
"1945","NATCHITOCHES, LA",1,0,1,4,4
"1946","NAVARRO, TX",1,0,1,2,2
"1947","NELSON, KY",1,100,1,4,4
"1948","NELSON, ND",1,100,0,NA,NA
"1949","NEMAHA, NE",1,0,0,NA,NA
"1950","NEOSHO, KS",1,0,0,NA,NA
"1951","NEW KENT, VA",1,0,0,NA,NA
"1952","NEW MADRID, MO",1,0,1,3,3
"1953","NEWAYGO, MI",1,100,0,NA,NA
"1954","NEWBERRY, SC",1,0,1,4,4
"1955","NEWPORT, RI",1,100,1,4,4
"1956","NEWTON, GA",1,100,1,2,2
"1957","NEWTON, MO",1,100,0,NA,NA
"1958","NEZ PERCE, ID",1,100,1,3,3
"1959","NICHOLAS, WV",1,0,1,2,2
"1960","NICOLLET, MN",1,0,0,NA,NA
"1961","NIOBRARA, WY",1,0,0,NA,NA
"1962","NOBLE, IN",1,100,1,4,4
"1963","NOBLE, OK",1,0,1,3,3
"1964","NOBLES, MN",1,100,1,4,4
"1965","NODAWAY, MO",1,0,1,4,4
"1966","NOLAN, TX",1,0,1,4,4
"1967","NOME, AK",1,0,0,NA,NA
"1968","NORMAN, MN",1,100,0,NA,NA
"1969","NORTHUMBERLAND, PA",1,0,1,3,3
"1970","NORTHWEST ARCTIC, AK",1,0,0,NA,NA
"1971","NORTON CITY, VA",1,0,1,4,4
"1972","NORTON, KS",1,0,0,NA,NA
"1973","NOWATA, OK",1,100,0,NA,NA
"1974","NOXUBEE, MS",1,0,0,NA,NA
"1975","NUCKOLLS, NE",1,100,0,NA,NA
"1976","NYE, NV",1,0,0,NA,NA
"1977","OBION, TN",1,100,1,3,3
"1978","OCEANA, MI",1,100,0,NA,NA
"1979","OCHILTREE, TX",1,0,0,NA,NA
"1980","OCONEE, SC",1,100,1,3,3
"1981","OGEMAW, MI",1,0,1,4,4
"1982","OGLE, IL",1,100,0,NA,NA
"1983","OHIO, KY",1,0,0,NA,NA
"1984","OKEECHOBEE, FL",1,0,1,3,3
"1985","OKFUSKEE, OK",1,0,0,NA,NA
"1986","OKTIBBEHA, MS",1,0,1,3,3
"1987","OLDHAM, KY",1,100,1,3,3
"1988","ONEIDA, ID",1,0,0,NA,NA
"1989","ONSLOW, NC",1,0,1,3,3
"1990","ONTONAGON, MI",1,0,0,NA,NA
"1991","ORANGE, IN",1,100,0,NA,NA
"1992","ORANGE, NC",1,0,1,2,2
"1993","ORANGE, VT",1,100,0,NA,NA
"1994","ORANGEBURG, SC",1,0,1,2,2
"1995","ORLEANS, NY",1,100,0,NA,NA
"1996","ORLEANS, VT",1,100,0,NA,NA
"1997","OSBORNE, KS",1,0,0,NA,NA
"1998","OSCEOLA, IA",1,100,0,NA,NA
"1999","OSCEOLA, MI",1,100,0,NA,NA
"2000","OSWEGO, NY",1,100,1,3,3
"2001","OTERO, CO",1,100,1,3,3
"2002","OTSEGO, MI",1,100,1,4,4
"2003","OTTAWA, KS",1,0,0,NA,NA
"2004","OTTAWA, OH",1,100,0,NA,NA
"2005","OTTAWA, OK",1,100,1,3,3
"2006","OUACHITA, AR",1,100,1,4,4
"2007","OVERTON, TN",1,0,1,2,2
"2008","OWEN, KY",1,0,0,NA,NA
"2009","PAGE, VA",1,100,0,NA,NA
"2010","PALO ALTO, IA",1,0,0,NA,NA
"2011","PALO PINTO, TX",1,0,1,2,2
"2012","PANOLA, MS",1,0,1,3,3
"2013","PANOLA, TX",1,100,1,3,3
"2014","PARK, MT",1,100,0,NA,NA
"2015","PARKER, TX",1,0,1,4,4
"2016","PARMER, TX",1,100,0,NA,NA
"2017","PASQUOTANK, NC",1,0,1,3,3
"2018","PATRICK, VA",1,0,0,NA,NA
"2019","PAULDING, GA",1,0,1,3,3
"2020","PAULDING, OH",1,0,0,NA,NA
"2021","PAWNEE, KS",1,0,0,NA,NA
"2022","PAWNEE, NE",1,0,0,NA,NA
"2023","PAWNEE, OK",1,0,0,NA,NA
"2024","PEACH, GA",1,0,0,NA,NA
"2025","PEMBINA, ND",1,100,0,NA,NA
"2026","PEMISCOT, MO",1,0,1,2,2
"2027","PEND OREILLE, WA",1,0,0,NA,NA
"2028","PENDER, NC",1,0,0,NA,NA
"2029","PENNINGTON, MN",1,100,0,NA,NA
"2030","PEPIN, WI",1,0,0,NA,NA
"2031","PERKINS, NE",1,0,0,NA,NA
"2032","PERRY, IN",1,0,0,NA,NA
"2033","PERRY, KY",1,100,1,2,2
"2034","PERRY, MO",1,0,0,NA,NA
"2035","PERRY, MS",1,0,0,NA,NA
"2036","PERRY, TN",1,0,1,3,3
"2037","PERSHING, NV",1,0,0,NA,NA
"2038","PERSON, NC",1,0,1,3,3
"2039","PETTIS, MO",1,0,1,2,2
"2040","PHELPS, MO",1,0,1,3,3
"2041","PHELPS, NE",1,100,0,NA,NA
"2042","PHILLIPS, AR",1,0,1,2,2
"2043","PHILLIPS, KS",1,0,0,NA,NA
"2044","PHILLIPS, MT",1,100,0,NA,NA
"2045","PIATT, IL",1,100,0,NA,NA
"2046","PICKAWAY, OH",1,0,1,3,3
"2047","PICKENS, AL",1,0,1,3,3
"2048","PICKENS, GA",1,0,1,3,3
"2049","PIERCE, ND",1,0,0,NA,NA
"2050","PIERCE, WI",1,100,0,NA,NA
"2051","PIKE, AL",1,0,1,3,3
"2052","PIKE, IL",1,100,0,NA,NA
"2053","PIKE, MO",1,0,0,NA,NA
"2054","PIKE, OH",1,100,0,NA,NA
"2055","PINE, MN",1,100,0,NA,NA
"2056","PIPESTONE, MN",1,0,0,NA,NA
"2057","PITKIN, CO",1,0,0,NA,NA
"2058","PITT, NC",1,100,1,2,2
"2059","PITTSBURG, OK",1,0,1,2,2
"2060","PLATTE, MO",1,100,1,3,3
"2061","PLATTE, NE",1,0,1,4,4
"2062","PLATTE, WY",1,0,0,NA,NA
"2063","PLYMOUTH, IA",1,0,0,NA,NA
"2064","POCAHONTAS, IA",1,0,0,NA,NA
"2065","POCAHONTAS, WV",1,0,0,NA,NA
"2066","POINTE COUPEE, LA",1,0,0,NA,NA
"2067","POLK, AR",1,0,1,3,3
"2068","POLK, GA",1,100,0,NA,NA
"2069","POLK, MO",1,0,1,3,3
"2070","POLK, NC",1,100,0,NA,NA
"2071","POLK, NE",1,0,0,NA,NA
"2072","POLK, OR",1,100,0,NA,NA
"2073","POLK, TN",1,0,0,NA,NA
"2074","POLK, TX",1,100,1,3,3
"2075","PONDERA, MT",1,100,0,NA,NA
"2076","PONTOTOC, MS",1,100,0,NA,NA
"2077","POPE, AR",1,0,1,3,3
"2078","POPE, MN",1,0,0,NA,NA
"2079","PORTAGE, OH",1,100,1,3,3
"2080","PORTAGE, WI",1,0,1,4,4
"2081","PORTER, IN",1,0,1,4,4
"2082","PORTSMOUTH CITY, VA",1,100,1,3,3
"2083","POTTAWATOMIE, OK",1,100,1,2,2
"2084","POTTER, PA",1,0,0,NA,NA
"2085","POTTER, SD",1,0,0,NA,NA
"2086","POWELL, MT",1,100,0,NA,NA
"2087","POWER, ID",1,0,0,NA,NA
"2088","POWESHIEK, IA",1,100,1,3,3
"2089","PRAIRIE, MT",1,0,0,NA,NA
"2090","PRATT, KS",1,100,1,3,3
"2091","PRENTISS, MS",1,0,1,4,4
"2092","PRESTON, WV",1,100,0,NA,NA
"2093","PRICE, WI",1,100,0,NA,NA
"2094","PRINCE EDWARD, VA",1,0,1,3,3
"2095","PROWERS, CO",1,0,0,NA,NA
"2096","PULASKI, GA",1,100,1,3,3
"2097","PULASKI, IN",1,0,0,NA,NA
"2098","PULASKI, KY",1,0,1,2,2
"2099","PULASKI, VA",1,0,1,3,3
"2100","PUSHMATAHA, OK",1,0,1,3,3
"2101","PUTNAM, FL",1,0,1,2,2
"2102","PUTNAM, GA",1,0,0,NA,NA
"2103","PUTNAM, IN",1,0,0,NA,NA
"2104","PUTNAM, MO",1,0,0,NA,NA
"2105","PUTNAM, NY",1,100,1,3,3
"2106","PUTNAM, TN",1,0,1,3,3
"2107","QUAY, NM",1,100,0,NA,NA
"2108","QUITMAN, MS",1,0,0,NA,NA
"2109","RABUN, GA",1,0,0,NA,NA
"2110","RAMSEY, ND",1,100,0,NA,NA
"2111","RANDOLPH, AL",1,0,1,4,4
"2112","RANDOLPH, AR",1,100,1,3,3
"2113","RANDOLPH, GA",1,0,0,NA,NA
"2114","RANDOLPH, IN",1,100,0,NA,NA
"2115","RANDOLPH, MO",1,0,1,2,2
"2116","RANDOLPH, NC",1,100,1,4,4
"2117","RANDOLPH, WV",1,100,1,3,3
"2118","RANSOM, ND",1,100,0,NA,NA
"2119","RAVALLI, MT",1,100,0,NA,NA
"2120","RAWLINS, KS",1,0,0,NA,NA
"2121","RAY, MO",1,0,0,NA,NA
"2122","REAGAN, TX",1,0,0,NA,NA
"2123","RED RIVER, LA",1,100,0,NA,NA
"2124","RED WILLOW, NE",1,0,0,NA,NA
"2125","REDWOOD, MN",1,0,0,NA,NA
"2126","REEVES, TX",1,0,0,NA,NA
"2127","REFUGIO, TX",1,0,0,NA,NA
"2128","RENVILLE, MN",1,0,0,NA,NA
"2129","REPUBLIC, KS",1,100,0,NA,NA
"2130","RHEA, TN",1,0,0,NA,NA
"2131","RICE, KS",1,0,0,NA,NA
"2132","RICE, MN",1,100,1,4,4
"2133","RICHARDSON, NE",1,100,0,NA,NA
"2134","RICHLAND, IL",1,100,1,3,3
"2135","RICHLAND, MT",1,100,0,NA,NA
"2136","RICHLAND, WI",1,100,0,NA,NA
"2137","RICHMOND, NC",1,0,1,4,4
"2138","RINGGOLD, IA",1,0,0,NA,NA
"2139","RIO ARRIBA, NM",1,100,1,4,4
"2140","RIO GRANDE, CO",1,100,0,NA,NA
"2141","RIPLEY, IN",1,100,0,NA,NA
"2142","RIPLEY, MO",1,100,1,3,3
"2143","ROANE, TN",1,0,1,3,3
"2144","ROANE, WV",1,100,0,NA,NA
"2145","ROANOKE CITY, VA",1,100,1,2,2
"2146","ROBERTS, SD",1,100,0,NA,NA
"2147","ROBERTSON, TN",1,0,1,3,3
"2148","ROBESON, NC",1,100,1,2,2
"2149","ROCK, MN",1,100,0,NA,NA
"2150","ROCK, NE",1,0,0,NA,NA
"2151","ROCKCASTLE, KY",1,100,1,3,3
"2152","ROCKDALE, GA",1,0,1,2,2
"2153","ROCKINGHAM, NC",1,100,1,3,3
"2154","ROGER MILLS, OK",1,0,0,NA,NA
"2155","ROOKS, KS",1,0,0,NA,NA
"2156","ROOSEVELT, NM",1,0,1,3,3
"2157","ROSEAU, MN",1,100,0,NA,NA
"2158","ROSEBUD, MT",1,100,0,NA,NA
"2159","ROSS, OH",1,100,1,3,3
"2160","ROUTT, CO",1,100,1,4,4
"2161","ROWAN, KY",1,0,1,2,2
"2162","ROWAN, NC",1,100,1,3,3
"2163","RUSH, IN",1,0,0,NA,NA
"2164","RUSH, KS",1,0,0,NA,NA
"2165","RUSK, TX",1,100,1,3,3
"2166","RUSK, WI",1,0,0,NA,NA
"2167","RUSSELL, AL",1,0,1,4,4
"2168","RUSSELL, KS",1,100,0,NA,NA
"2169","RUSSELL, KY",1,0,0,NA,NA
"2170","RUSSELL, VA",1,100,1,3,3
"2171","RUTHERFORD, NC",1,0,1,3,3
"2172","RUTLAND, VT",1,100,1,4,4
"2173","SABINE, LA",1,0,1,3,3
"2174","SABINE, TX",1,0,0,NA,NA
"2175","SAC, IA",1,100,0,NA,NA
"2176","SAINT BERNARD, LA",1,0,1,3,3
"2177","SAINT CHARLES, LA",1,0,1,3,3
"2178","SAINT CLAIR, AL",1,100,1,3,3
"2179","SAINT CLAIR, MO",1,0,0,NA,NA
"2180","SAINT FRANCIS, AR",1,0,1,2,2
"2181","SAINT HELENA, LA",1,0,0,NA,NA
"2182","SAINT JAMES, LA",1,0,0,NA,NA
"2183","SAINT JOHNS, FL",1,100,1,3,3
"2184","SAINT LANDRY, LA",1,0,1,3,3
"2185","SAINT MARTIN, LA",1,100,0,NA,NA
"2186","SAINT MARYS, MD",1,100,1,NA,NA
"2187","SAINTE GENEVIEVE, MO",1,0,0,NA,NA
"2188","SALEM, VA",1,0,1,3,3
"2189","SALINE, AR",1,0,1,3,3
"2190","SAMPSON, NC",1,0,1,3,3
"2191","SAN AUGUSTINE, TX",1,100,0,NA,NA
"2192","SAN BENITO, CA",1,0,1,2,2
"2193","SAN JUAN, WA",1,100,0,NA,NA
"2194","SAN MIGUEL, NM",1,0,1,3,3
"2195","SAN PATRICIO, TX",1,0,1,3,3
"2196","SANDERS, MT",1,100,0,NA,NA
"2197","SANDOVAL, NM",1,100,1,3,3
"2198","SANTA CRUZ, AZ",1,0,0,NA,NA
"2199","SARATOGA, NY",1,100,1,3,3
"2200","SAUNDERS, NE",1,0,0,NA,NA
"2201","SAWYER, WI",1,100,0,NA,NA
"2202","SCHLEICHER, TX",1,0,0,NA,NA
"2203","SCHOHARIE, NY",1,100,1,4,4
"2204","SCHOOLCRAFT, MI",1,0,0,NA,NA
"2205","SCHUYLER, IL",1,0,0,NA,NA
"2206","SCHUYLER, NY",1,100,0,NA,NA
"2207","SCOTLAND, MO",1,0,0,NA,NA
"2208","SCOTLAND, NC",1,100,1,4,4
"2209","SCOTT, AR",1,100,0,NA,NA
"2210","SCOTT, IN",1,0,0,NA,NA
"2211","SCOTT, KS",1,100,0,NA,NA
"2212","SCOTT, KY",1,0,1,3,3
"2213","SCOTTS BLUFF, NE",1,100,1,3,3
"2214","SCREVEN, GA",1,0,0,NA,NA
"2215","SCURRY, TX",1,0,0,NA,NA
"2216","SEDGWICK, CO",1,0,0,NA,NA
"2217","SEMINOLE, FL",1,0,1,2,2
"2218","SEMINOLE, GA",1,100,1,3,3
"2219","SEMINOLE, OK",1,0,1,3,3
"2220","SEQUOYAH, OK",1,0,1,4,4
"2221","SEVIER, AR",1,0,0,NA,NA
"2222","SEVIER, UT",1,100,1,4,4
"2223","SEWARD, KS",1,0,1,3,3
"2224","SEWARD, NE",1,100,0,NA,NA
"2225","SHARKEY, MS",1,0,1,NA,NA
"2226","SHAWANO, WI",1,100,0,NA,NA
"2227","SHELBY, AL",1,100,1,3,3
"2228","SHELBY, IA",1,0,0,NA,NA
"2229","SHELBY, IL",1,100,1,3,3
"2230","SHELBY, IN",1,0,1,4,4
"2231","SHELBY, KY",1,100,1,3,3
"2232","SHELBY, OH",1,100,1,3,3
"2233","SHENANDOAH, VA",1,100,0,NA,NA
"2234","SHERBURNE, MN",1,0,1,4,4
"2235","SHERIDAN, KS",1,0,0,NA,NA
"2236","SHERIDAN, MT",1,100,0,NA,NA
"2237","SHERIDAN, NE",1,0,0,NA,NA
"2238","SHERIDAN, WY",1,0,1,3,3
"2239","SHERMAN, KS",1,0,0,NA,NA
"2240","SHIAWASSEE, MI",1,0,1,2,2
"2241","SHOSHONE, ID",1,0,0,NA,NA
"2242","SIBLEY, MN",1,100,0,NA,NA
"2243","SIERRA, NM",1,0,0,NA,NA
"2244","SILVER BOW, MT",1,100,1,3,3
"2245","SIMPSON, KY",1,100,0,NA,NA
"2246","SIOUX, ND",1,0,1,NA,NA
"2247","SMITH, KS",1,0,0,NA,NA
"2248","SMITH, MS",1,0,1,NA,NA
"2249","SMITH, TN",1,0,0,NA,NA
"2250","SMYTH, VA",1,100,1,3,3
"2251","SOCORRO, NM",1,0,0,NA,NA
"2252","SOMERSET, MD",1,100,1,NA,NA
"2253","SOMERSET, NJ",1,100,1,2,2
"2254","SOMERVELL, TX",1,0,1,4,4
"2255","SPALDING, GA",1,0,1,3,3
"2256","SPINK, SD",1,0,0,NA,NA
"2257","SPOTSYLVANIA, VA",1,0,1,3,3
"2258","STAFFORD, KS",1,0,0,NA,NA
"2259","STAFFORD, VA",1,100,1,3,3
"2260","STANLY, NC",1,100,1,3,3
"2261","STANTON, KS",1,0,0,NA,NA
"2262","STARK, ND",1,0,0,NA,NA
"2263","STARKE, IN",1,0,1,3,3
"2264","STARR, TX",1,0,1,3,3
"2265","STEELE, MN",1,0,1,3,3
"2266","STEPHENS, GA",1,0,1,3,3
"2267","STEPHENS, OK",1,100,1,3,3
"2268","STEPHENS, TX",1,0,1,3,3
"2269","STEPHENSON, IL",1,100,1,3,3
"2270","STEUBEN, IN",1,100,0,NA,NA
"2271","STEVENS, KS",1,0,0,NA,NA
"2272","STEVENS, MN",1,100,0,NA,NA
"2273","STILLWATER, MT",1,100,0,NA,NA
"2274","STODDARD, MO",1,0,1,3,3
"2275","STOKES, NC",1,0,0,NA,NA
"2276","STONE, AR",1,100,0,NA,NA
"2277","STONE, MS",1,0,0,NA,NA
"2278","STONEWALL, TX",1,0,0,NA,NA
"2279","STUTSMAN, ND",1,100,0,NA,NA
"2280","SUFFOLK CITY, VA",1,0,1,4,4
"2281","SULLIVAN, IN",1,0,0,NA,NA
"2282","SULLIVAN, MO",1,0,0,NA,NA
"2283","SULLIVAN, NH",1,100,0,NA,NA
"2284","SUMMERS, WV",1,100,0,NA,NA
"2285","SUMMIT, CO",1,0,1,4,4
"2286","SUMMIT, UT",1,0,1,4,4
"2287","SUMTER, AL",1,0,1,NA,NA
"2288","SUMTER, FL",1,100,1,3,3
"2289","SUMTER, GA",1,0,1,3,3
"2290","SUMTER, SC",1,100,1,3,3
"2291","SUSSEX, NJ",1,100,1,3,3
"2292","SUTTER, CA",1,0,1,NA,NA
"2293","SUTTON, TX",1,0,0,NA,NA
"2294","SUWANNEE, FL",1,0,0,NA,NA
"2295","SWEET GRASS, MT",1,0,0,NA,NA
"2296","SWISHER, TX",1,100,0,NA,NA
"2297","TALBOT, MD",1,100,1,NA,NA
"2298","TALLAHATCHIE, MS",1,0,0,NA,NA
"2299","TANEY, MO",1,100,1,4,4
"2300","TAOS, NM",1,100,1,3,3
"2301","TATE, MS",1,0,1,3,3
"2302","TATTNALL, GA",1,0,0,NA,NA
"2303","TAYLOR, FL",1,100,1,2,2
"2304","TAYLOR, KY",1,0,1,3,3
"2305","TAYLOR, WI",1,100,0,NA,NA
"2306","TAYLOR, WV",1,0,0,NA,NA
"2307","TEHAMA, CA",1,0,1,3,3
"2308","TELLER, CO",1,100,0,NA,NA
"2309","TERRY, TX",1,0,1,3,3
"2310","TETON, ID",1,100,0,NA,NA
"2311","TETON, MT",1,100,0,NA,NA
"2312","TETON, WY",1,0,1,4,4
"2313","TEXAS, MO",1,0,1,3,3
"2314","TEXAS, OK",1,0,1,3,3
"2315","THAYER, NE",1,0,0,NA,NA
"2316","THOMAS, GA",1,100,1,3,3
"2317","THOMAS, KS",1,100,0,NA,NA
"2318","THROCKMORTON, TX",1,0,0,NA,NA
"2319","THURSTON, NE",1,0,0,NA,NA
"2320","TIFT, GA",1,0,1,2,2
"2321","TILLAMOOK, OR",1,0,0,NA,NA
"2322","TIOGA, PA",1,100,0,NA,NA
"2323","TIPPAH, MS",1,0,0,NA,NA
"2324","TIPTON, IN",1,0,0,NA,NA
"2325","TIPTON, TN",1,0,1,3,3
"2326","TISHOMINGO, MS",1,100,1,4,4
"2327","TITUS, TX",1,0,1,3,3
"2328","TODD, SD",1,0,1,NA,NA
"2329","TOMPKINS, NY",1,100,1,3,3
"2330","TOOELE, UT",1,0,1,3,3
"2331","TOOLE, MT",1,0,0,NA,NA
"2332","TOOMBS, GA",1,0,1,3,3
"2333","TOWNER, ND",1,100,0,NA,NA
"2334","TOWNS, GA",1,0,0,NA,NA
"2335","TRANSYLVANIA, NC",1,100,0,NA,NA
"2336","TRAVERSE, MN",1,100,0,NA,NA
"2337","TREGO, KS",1,0,0,NA,NA
"2338","TRIGG, KY",1,0,0,NA,NA
"2339","TRINITY, CA",1,0,0,NA,NA
"2340","TRINITY, TX",1,100,1,3,3
"2341","TRIPP, SD",1,100,0,NA,NA
"2342","TROUP, GA",1,0,1,4,4
"2343","TROUSDALE, TN",1,0,0,NA,NA
"2344","TUOLUMNE, CA",1,0,1,3,3
"2345","TURNER, SD",1,100,0,NA,NA
"2346","TUSCALOOSA, AL",1,0,1,2,2
"2347","TWIN FALLS, ID",1,100,1,3,3
"2348","TYLER, TX",1,0,1,3,3
"2349","TYLER, WV",1,0,0,NA,NA
"2350","UINTA, WY",1,0,1,3,3
"2351","UINTAH, UT",1,0,1,3,3
"2352","UNICOI, TN",1,100,1,3,3
"2353","UNION, AR",1,0,1,3,3
"2354","UNION, FL",1,0,0,NA,NA
"2355","UNION, GA",1,0,1,3,3
"2356","UNION, IA",1,0,0,NA,NA
"2357","UNION, IL",1,0,0,NA,NA
"2358","UNION, KY",1,0,0,NA,NA
"2359","UNION, MS",1,0,1,4,4
"2360","UNION, NC",1,0,1,2,2
"2361","UNION, NM",1,100,0,NA,NA
"2362","UNION, OH",1,0,1,3,3
"2363","UNION, OR",1,100,0,NA,NA
"2364","UNION, PA",1,0,1,3,3
"2365","UNION, SC",1,0,1,NA,NA
"2366","UNION, SD",1,0,1,NA,NA
"2367","UPSHUR, WV",1,100,0,NA,NA
"2368","UPSON, GA",1,0,1,3,3
"2369","UTUADO, PR",1,0,1,NA,NA
"2370","UVALDE, TX",1,0,0,NA,NA
"2371","VAL VERDE, TX",1,0,1,3,3
"2372","VALLEY, MT",1,100,0,NA,NA
"2373","VALLEY, NE",1,0,0,NA,NA
"2374","VAN BUREN, AR",1,100,0,NA,NA
"2375","VAN BUREN, IA",1,0,0,NA,NA
"2376","VAN WERT, OH",1,100,1,3,3
"2377","VAN ZANDT, TX",1,0,1,NA,NA
"2378","VANCE, NC",1,0,1,2,2
"2379","VEGA BAJA, PR",1,0,1,NA,NA
"2380","VENANGO, PA",1,0,1,4,4
"2381","VERMILLION, IN",1,100,0,NA,NA
"2382","VERNON, MO",1,0,1,3,3
"2383","VILAS, WI",1,100,0,NA,NA
"2384","WABASH, IL",1,0,0,NA,NA
"2385","WABASH, IN",1,100,0,NA,NA
"2386","WADENA, MN",1,0,0,NA,NA
"2387","WAGONER, OK",1,0,1,3,3
"2388","WALDO, ME",1,100,0,NA,NA
"2389","WALKER, AL",1,100,1,3,3
"2390","WALKER, TX",1,100,1,2,2
"2391","WALLOWA, OR",1,0,0,NA,NA
"2392","WALTHALL, MS",1,0,0,NA,NA
"2393","WALTON, GA",1,0,1,2,2
"2394","WALWORTH, SD",1,100,0,NA,NA
"2395","WAPELLO, IA",1,0,1,3,3
"2396","WARD, TX",1,0,0,NA,NA
"2397","WARE, GA",1,100,1,3,3
"2398","WARREN, IL",1,100,0,NA,NA
"2399","WARREN, IN",1,0,0,NA,NA
"2400","WARREN, MS",1,0,1,2,2
"2401","WARREN, NY",1,100,1,4,4
"2402","WARREN, OH",1,100,1,4,4
"2403","WARREN, PA",1,100,1,3,3
"2404","WARREN, TN",1,0,1,3,3
"2405","WARREN, VA",1,0,1,3,3
"2406","WASATCH, UT",1,100,0,NA,NA
"2407","WASCO, OR",1,0,1,3,3
"2408","WASECA, MN",1,100,0,NA,NA
"2409","WASHAKIE, WY",1,0,0,NA,NA
"2410","WASHINGTON, AL",1,0,0,NA,NA
"2411","WASHINGTON, FL",1,100,0,NA,NA
"2412","WASHINGTON, GA",1,0,1,3,3
"2413","WASHINGTON, IA",1,0,0,NA,NA
"2414","WASHINGTON, ID",1,0,0,NA,NA
"2415","WASHINGTON, IL",1,0,0,NA,NA
"2416","WASHINGTON, IN",1,100,0,NA,NA
"2417","WASHINGTON, MD",1,100,1,NA,NA
"2418","WASHINGTON, MO",1,0,0,NA,NA
"2419","WASHINGTON, MS",1,0,1,2,2
"2420","WASHINGTON, NC",1,0,0,NA,NA
"2421","WASHINGTON, NE",1,100,0,NA,NA
"2422","WASHINGTON, OK",1,100,1,2,2
"2423","WASHINGTON, TX",1,100,1,3,3
"2424","WASHINGTON, UT",1,100,1,4,4
"2425","WASHINGTON, VA",1,100,1,3,3
"2426","WASHINGTON, VT",1,100,1,4,4
"2427","WASHITA, OK",1,0,0,NA,NA
"2428","WATAUGA, NC",1,0,1,3,3
"2429","WAUPACA, WI",1,100,0,NA,NA
"2430","WAUSHARA, WI",1,100,0,NA,NA
"2431","WAYNE, GA",1,0,1,3,3
"2432","WAYNE, IA",1,0,0,NA,NA
"2433","WAYNE, IL",1,100,0,NA,NA
"2434","WAYNE, IN",1,100,1,4,4
"2435","WAYNE, KY",1,100,0,NA,NA
"2436","WAYNE, MS",1,0,1,3,3
"2437","WAYNE, NC",1,100,1,3,3
"2438","WAYNE, NE",1,100,0,NA,NA
"2439","WAYNE, NY",1,100,1,2,2
"2440","WAYNE, PA",1,100,1,2,2
"2441","WAYNE, TN",1,0,1,3,3
"2442","WEAKLEY, TN",1,0,1,3,3
"2443","WEBSTER, IA",1,100,1,3,3
"2444","WEBSTER, MS",1,0,1,3,3
"2445","WEBSTER, NE",1,0,0,NA,NA
"2446","WEBSTER, WV",1,100,0,NA,NA
"2447","WELD, CO",1,100,1,4,4
"2448","WELLS, IN",1,0,1,3,3
"2449","WELLS, ND",1,100,0,NA,NA
"2450","WEST CARROLL, LA",1,0,1,3,3
"2451","WEST FELICIANA, LA",1,0,0,NA,NA
"2452","WESTON, WY",1,0,0,NA,NA
"2453","WETZEL, WV",1,0,1,3,3
"2454","WEXFORD, MI",1,0,1,3,3
"2455","WHATCOM, WA",1,0,1,4,4
"2456","WHEATLAND, MT",1,0,0,NA,NA
"2457","WHITE PINE, NV",1,0,0,NA,NA
"2458","WHITE, AR",1,100,1,3,3
"2459","WHITE, IN",1,100,0,NA,NA
"2460","WHITE, TN",1,0,1,3,3
"2461","WHITFIELD, GA",1,100,1,4,4
"2462","WHITLEY, IN",1,100,1,4,4
"2463","WICHITA, KS",1,0,0,NA,NA
"2464","WICOMICO, MD",1,100,1,NA,NA
"2465","WILBARGER, TX",1,0,1,NA,NA
"2466","WILCOX, AL",1,0,1,NA,NA
"2467","WILKES, GA",1,0,0,NA,NA
"2468","WILKES, NC",1,0,1,2,2
"2469","WILKIN, MN",1,0,0,NA,NA
"2470","WILKINSON, MS",1,0,0,NA,NA
"2471","WILLIAMSBURG, SC",1,100,0,NA,NA
"2472","WILLIAMSON, TN",1,0,1,4,4
"2473","WILSON, NC",1,100,1,4,4
"2474","WILSON, TN",1,100,1,3,3
"2475","WILSON, TX",1,0,1,3,3
"2476","WINCHESTER CITY, VA",1,100,1,3,3
"2477","WINKLER, TX",1,0,0,NA,NA
"2478","WINN, LA",1,0,1,3,3
"2479","WINNESHIEK, IA",1,0,0,NA,NA
"2480","WINONA, MN",1,100,1,3,3
"2481","WINSTON, AL",1,0,1,5,5
"2482","WINSTON, MS",1,100,1,3,3
"2483","WISE, TX",1,0,1,3,3
"2484","WISE, VA",1,0,1,3,3
"2485","WOOD, OH",1,100,1,3,3
"2486","WOOD, WV",1,100,1,2,2
"2487","WOODFORD, IL",1,100,0,NA,NA
"2488","WOODFORD, KY",1,0,0,NA,NA
"2489","WOODS, OK",1,0,1,NA,NA
"2490","WOODWARD, OK",1,0,1,3,3
"2491","WORCESTER, MD",1,100,1,NA,NA
"2492","WORTH, GA",1,100,0,NA,NA
"2493","WYANDOT, OH",1,0,0,NA,NA
"2494","WYOMING, NY",1,0,1,3,3
"2495","WYOMING, PA",1,0,1,4,4
"2496","WYTHE, VA",1,0,1,3,3
"2497","YALOBUSHA, MS",1,0,1,4,4
"2498","YATES, NY",1,0,0,NA,NA
"2499","YAUCO, PR",1,0,1,NA,NA
"2500","YAZOO, MS",1,100,0,NA,NA
"2501","YOAKUM, TX",1,0,0,NA,NA
"2502","YORK, SC",1,0,1,1,1
"2503","YUBA, CA",1,100,1,1,1
"2504","YUMA, AZ",1,100,1,2,2
